Timestamp,Equipment_ID,Earth_Pit_ID,Earth_Resistance_Ohm,Soil_Moisture_Percent,Soil_Temperature_C,Soil_Resistivity_Ohm_m,Leakage_Current_mA
2026-01-01 00:00:00,TR-01,TR-01-EP-01,1.716,44.42,24.89,103.55,19.0
2026-01-01 00:15:00,TR-01,TR-01-EP-02,1.541,50.02,25.61,82.31,17.59
2026-01-01 00:30:00,TR-01,TR-01-EP-03,1.571,51.27,25.49,91.92,20.87
2026-01-01 00:45:00,TR-01,TR-01-EP-04,1.498,50.86,26.93,83.2,25.4
2026-01-01 01:00:00,TR-01,TR-01-EP-01,1.712,45.42,25.26,102.96,18.99
2026-01-01 01:15:00,TR-01,TR-01-EP-02,1.539,50.9,26.04,82.09,17.58
2026-01-01 01:30:00,TR-01,TR-01-EP-03,1.574,51.87,25.95,92.29,20.88
2026-01-01 01:45:00,TR-01,TR-01-EP-04,1.507,51.07,27.42,84.31,25.42
2026-01-01 02:00:00,TR-01,TR-01-EP-01,1.709,46.4,25.67,102.52,18.98
2026-01-01 02:15:00,TR-01,TR-01-EP-02,1.539,51.72,26.49,82.07,17.58
2026-01-01 02:30:00,TR-01,TR-01-EP-03,1.579,52.37,26.44,92.9,20.9
2026-01-01 02:45:00,TR-01,TR-01-EP-04,1.518,51.16,27.92,85.65,25.45
2026-01-01 03:00:00,TR-01,TR-01-EP-01,1.707,47.35,26.11,102.23,18.97
2026-01-01 03:15:00,TR-01,TR-01-EP-02,1.54,52.45,26.97,82.25,17.59
2026-01-01 03:30:00,TR-01,TR-01-EP-03,1.585,52.75,26.93,93.73,20.92
2026-01-01 03:45:00,TR-01,TR-01-EP-04,1.53,51.12,28.41,87.21,25.49
2026-01-01 04:00:00,TR-01,TR-01-EP-01,1.706,48.26,26.58,102.09,18.97
2026-01-01 04:15:00,TR-01,TR-01-EP-02,1.543,53.1,27.46,82.62,17.6
2026-01-01 04:30:00,TR-01,TR-01-EP-03,1.593,53.02,27.43,94.78,20.95
2026-01-01 04:45:00,TR-01,TR-01-EP-04,1.544,50.96,28.91,88.96,25.54
2026-01-01 05:00:00,TR-01,TR-01-EP-01,1.706,49.1,27.06,102.11,18.97
2026-01-01 05:15:00,TR-01,TR-01-EP-02,1.547,53.64,27.96,83.19,17.61
2026-01-01 05:30:00,TR-01,TR-01-EP-03,1.603,53.17,27.93,96.02,20.98
2026-01-01 05:45:00,TR-01,TR-01-EP-04,1.56,50.68,29.38,90.87,25.59
2026-01-01 06:00:00,TR-01,TR-01-EP-01,1.707,49.88,27.56,102.29,18.97
2026-01-01 06:15:00,TR-01,TR-01-EP-02,1.553,54.08,28.46,83.95,17.63
2026-01-01 06:30:00,TR-01,TR-01-EP-03,1.614,53.19,28.41,97.44,21.01
2026-01-01 06:45:00,TR-01,TR-01-EP-04,1.576,50.28,29.84,92.91,25.64
2026-01-01 07:00:00,TR-01,TR-01-EP-01,1.71,50.56,28.06,102.62,18.98
2026-01-01 07:15:00,TR-01,TR-01-EP-02,1.56,54.4,28.95,84.87,17.65
2026-01-01 07:30:00,TR-01,TR-01-EP-03,1.626,53.08,28.88,99.01,21.05
2026-01-01 07:45:00,TR-01,TR-01-EP-04,1.594,49.77,30.26,95.05,25.7
2026-01-01 08:00:00,TR-01,TR-01-EP-01,1.713,51.15,28.55,103.1,18.99
2026-01-01 08:15:00,TR-01,TR-01-EP-02,1.568,54.6,29.42,85.96,17.68
2026-01-01 08:30:00,TR-01,TR-01-EP-03,1.64,52.85,29.32,100.71,21.09
2026-01-01 08:45:00,TR-01,TR-01-EP-04,1.611,49.16,30.65,97.25,25.75
2026-01-01 09:00:00,TR-01,TR-01-EP-01,1.718,51.64,29.04,103.72,19.01
2026-01-01 09:15:00,TR-01,TR-01-EP-02,1.577,54.68,29.87,87.18,17.71
2026-01-01 09:30:00,TR-01,TR-01-EP-03,1.654,52.51,29.72,102.52,21.14
2026-01-01 09:45:00,TR-01,TR-01-EP-04,1.63,48.45,30.99,99.49,25.81
2026-01-01 10:00:00,TR-01,TR-01-EP-01,1.723,52.01,29.5,104.47,19.02
2026-01-01 10:15:00,TR-01,TR-01-EP-02,1.587,54.63,30.29,88.53,17.74
2026-01-01 10:30:00,TR-01,TR-01-EP-03,1.668,52.05,30.09,104.4,21.19
2026-01-01 10:45:00,TR-01,TR-01-EP-04,1.648,47.66,31.29,101.73,25.87
2026-01-01 11:00:00,TR-01,TR-01-EP-01,1.729,52.27,29.93,105.34,19.04
2026-01-01 11:15:00,TR-01,TR-01-EP-02,1.598,54.46,30.68,89.97,17.77
2026-01-01 11:30:00,TR-01,TR-01-EP-03,1.683,51.48,30.41,106.33,21.23
2026-01-01 11:45:00,TR-01,TR-01-EP-04,1.665,46.8,31.54,103.93,25.93
2026-01-01 12:00:00,TR-01,TR-01-EP-01,1.736,52.4,30.34,106.32,19.07
2026-01-01 12:15:00,TR-01,TR-01-EP-02,1.61,54.16,31.02,91.49,17.81
2026-01-01 12:30:00,TR-01,TR-01-EP-03,1.699,50.81,30.68,108.27,21.28
2026-01-01 12:45:00,TR-01,TR-01-EP-04,1.683,45.88,31.73,106.06,25.98
2026-01-01 13:00:00,TR-01,TR-01-EP-01,1.744,52.41,30.7,107.39,19.09
2026-01-01 13:15:00,TR-01,TR-01-EP-02,1.621,53.75,31.31,93.07,17.85
2026-01-01 13:30:00,TR-01,TR-01-EP-03,1.714,50.06,30.89,110.2,21.33
2026-01-01 13:45:00,TR-01,TR-01-EP-04,1.699,44.92,31.86,108.08,26.03
2026-01-01 14:00:00,TR-01,TR-01-EP-01,1.752,52.29,31.01,108.54,19.12
2026-01-01 14:15:00,TR-01,TR-01-EP-02,1.633,53.23,31.55,94.68,17.89
2026-01-01 14:30:00,TR-01,TR-01-EP-03,1.728,49.23,31.05,112.08,21.38
2026-01-01 14:45:00,TR-01,TR-01-EP-04,1.714,43.94,31.93,109.97,26.08
2026-01-01 15:00:00,TR-01,TR-01-EP-01,1.761,52.05,31.28,109.74,19.15
2026-01-01 15:15:00,TR-01,TR-01-EP-02,1.646,52.61,31.74,96.29,17.93
2026-01-01 15:30:00,TR-01,TR-01-EP-03,1.742,48.33,31.15,113.89,21.42
2026-01-01 15:45:00,TR-01,TR-01-EP-04,1.728,42.94,31.94,111.69,26.13
2026-01-01 16:00:00,TR-01,TR-01-EP-01,1.77,51.69,31.49,110.98,19.17
2026-01-01 16:15:00,TR-01,TR-01-EP-02,1.657,51.89,31.86,97.88,17.96
2026-01-01 16:30:00,TR-01,TR-01-EP-03,1.756,47.39,31.18,115.6,21.46
2026-01-01 16:45:00,TR-01,TR-01-EP-04,1.74,41.94,31.88,113.21,26.17
2026-01-01 17:00:00,TR-01,TR-01-EP-01,1.779,51.22,31.64,112.24,19.2
2026-01-01 17:15:00,TR-01,TR-01-EP-02,1.669,51.09,31.92,99.43,18.0
2026-01-01 17:30:00,TR-01,TR-01-EP-03,1.768,46.42,31.16,117.17,21.5
2026-01-01 17:45:00,TR-01,TR-01-EP-04,1.751,40.97,31.76,114.52,26.2
2026-01-01 18:00:00,TR-01,TR-01-EP-01,1.788,50.64,31.73,113.49,19.23
2026-01-01 18:15:00,TR-01,TR-01-EP-02,1.68,50.23,31.93,100.9,18.04
2026-01-01 18:30:00,TR-01,TR-01-EP-03,1.779,45.42,31.07,118.6,21.54
2026-01-01 18:45:00,TR-01,TR-01-EP-04,1.76,40.02,31.59,115.59,26.23
2026-01-01 19:00:00,TR-01,TR-01-EP-01,1.797,49.97,31.76,114.73,19.26
2026-01-01 19:15:00,TR-01,TR-01-EP-02,1.691,49.31,31.86,102.28,18.07
2026-01-01 19:30:00,TR-01,TR-01-EP-03,1.789,44.42,30.92,119.85,21.57
2026-01-01 19:45:00,TR-01,TR-01-EP-04,1.766,39.13,31.35,116.41,26.25
2026-01-01 20:00:00,TR-01,TR-01-EP-01,1.806,49.2,31.72,115.92,19.29
2026-01-01 20:15:00,TR-01,TR-01-EP-02,1.7,48.34,31.74,103.55,18.1
2026-01-01 20:30:00,TR-01,TR-01-EP-03,1.797,43.43,30.71,120.9,21.6
2026-01-01 20:45:00,TR-01,TR-01-EP-04,1.771,38.3,31.07,116.96,26.26
2026-01-01 21:00:00,TR-01,TR-01-EP-01,1.814,48.37,31.63,117.06,19.32
2026-01-01 21:15:00,TR-01,TR-01-EP-02,1.709,47.35,31.56,104.68,18.13
2026-01-01 21:30:00,TR-01,TR-01-EP-03,1.804,42.47,30.45,121.74,21.62
2026-01-01 21:45:00,TR-01,TR-01-EP-04,1.773,37.55,30.73,117.24,26.27
2026-01-01 22:00:00,TR-01,TR-01-EP-01,1.822,47.47,31.47,118.12,19.34
2026-01-01 22:15:00,TR-01,TR-01-EP-02,1.716,46.35,31.32,105.67,18.15
2026-01-01 22:30:00,TR-01,TR-01-EP-03,1.808,41.56,30.13,122.36,21.63
2026-01-01 22:45:00,TR-01,TR-01-EP-04,1.773,36.88,30.35,117.23,26.27
2026-01-01 23:00:00,TR-01,TR-01-EP-01,1.829,46.52,31.26,119.09,19.36
2026-01-01 23:15:00,TR-01,TR-01-EP-02,1.722,45.36,31.03,106.48,18.17
2026-01-01 23:30:00,TR-01,TR-01-EP-03,1.811,40.7,29.77,122.74,21.64
2026-01-01 23:45:00,TR-01,TR-01-EP-04,1.771,36.31,29.93,116.95,26.26
2026-01-02 00:00:00,TR-01,TR-01-EP-01,1.835,45.54,30.99,119.94,19.38
2026-01-02 00:15:00,TR-01,TR-01-EP-02,1.727,44.39,30.69,107.11,18.19
2026-01-02 00:30:00,TR-01,TR-01-EP-03,1.812,39.91,29.37,122.88,21.65
2026-01-02 00:45:00,TR-01,TR-01-EP-04,1.766,35.85,29.49,116.39,26.25
2026-01-02 01:00:00,TR-01,TR-01-EP-01,1.84,44.55,30.67,120.68,19.4
2026-01-02 01:15:00,TR-01,TR-01-EP-02,1.73,43.45,30.3,107.56,18.2
2026-01-02 01:30:00,TR-01,TR-01-EP-03,1.812,39.2,28.94,122.78,21.64
2026-01-02 01:45:00,TR-01,TR-01-EP-04,1.759,35.5,29.01,115.57,26.23
2026-01-02 02:00:00,TR-01,TR-01-EP-01,1.845,43.55,30.31,121.28,19.41
2026-01-02 02:15:00,TR-01,TR-01-EP-02,1.732,42.56,29.88,107.81,18.2
2026-01-02 02:30:00,TR-01,TR-01-EP-03,1.809,38.58,28.47,122.43,21.63
2026-01-02 02:45:00,TR-01,TR-01-EP-04,1.751,35.27,28.52,114.49,26.2
2026-01-02 03:00:00,TR-01,TR-01-EP-01,1.848,42.56,29.9,121.75,19.42
2026-01-02 03:15:00,TR-01,TR-01-EP-02,1.732,41.74,29.43,107.85,18.2
2026-01-02 03:30:00,TR-01,TR-01-EP-03,1.804,38.07,27.99,121.86,21.62
2026-01-02 03:45:00,TR-01,TR-01-EP-04,1.74,35.17,28.03,113.17,26.17
2026-01-02 04:00:00,TR-01,TR-01-EP-01,1.85,41.61,29.46,122.06,19.43
2026-01-02 04:15:00,TR-01,TR-01-EP-02,1.731,40.99,28.96,107.7,18.2
2026-01-02 04:30:00,TR-01,TR-01-EP-03,1.798,37.67,27.5,121.05,21.6
2026-01-02 04:45:00,TR-01,TR-01-EP-04,1.728,35.19,27.53,111.64,26.13
2026-01-02 05:00:00,TR-01,TR-01-EP-01,1.851,40.7,29.0,122.21,19.43
2026-01-02 05:15:00,TR-01,TR-01-EP-02,1.729,40.33,28.47,107.35,18.19
2026-01-02 05:30:00,TR-01,TR-01-EP-03,1.79,37.39,27.0,120.03,21.58
2026-01-02 05:45:00,TR-01,TR-01-EP-04,1.714,35.33,27.03,109.91,26.08
2026-01-02 06:00:00,TR-01,TR-01-EP-01,1.851,39.84,28.51,122.21,19.43
2026-01-02 06:15:00,TR-01,TR-01-EP-02,1.724,39.78,27.97,106.8,18.18
2026-01-02 06:30:00,TR-01,TR-01-EP-03,1.781,37.23,26.5,118.81,21.54
2026-01-02 06:45:00,TR-01,TR-01-EP-04,1.698,35.6,26.56,108.02,26.03
2026-01-02 07:00:00,TR-01,TR-01-EP-01,1.85,39.06,28.02,122.06,19.43
2026-01-02 07:15:00,TR-01,TR-01-EP-02,1.719,39.33,27.47,106.07,18.16
2026-01-02 07:30:00,TR-01,TR-01-EP-03,1.77,37.2,26.01,117.42,21.51
2026-01-02 07:45:00,TR-01,TR-01-EP-04,1.682,35.98,26.1,106.0,25.98
2026-01-02 08:00:00,TR-01,TR-01-EP-01,1.848,38.36,27.52,121.74,19.42
2026-01-02 08:15:00,TR-01,TR-01-EP-02,1.712,38.99,26.98,105.16,18.14
2026-01-02 08:30:00,TR-01,TR-01-EP-03,1.758,37.28,25.55,115.86,21.47
2026-01-02 08:45:00,TR-01,TR-01-EP-04,1.665,36.48,25.67,103.87,25.93
2026-01-02 09:00:00,TR-01,TR-01-EP-01,1.844,37.76,27.02,121.28,19.41
2026-01-02 09:15:00,TR-01,TR-01-EP-02,1.704,38.77,26.5,104.1,18.11
2026-01-02 09:30:00,TR-01,TR-01-EP-03,1.745,37.5,25.1,114.17,21.43
2026-01-02 09:45:00,TR-01,TR-01-EP-04,1.647,37.08,25.28,101.67,25.87
2026-01-02 10:00:00,TR-01,TR-01-EP-01,1.84,37.26,26.54,120.68,19.4
2026-01-02 10:15:00,TR-01,TR-01-EP-02,1.695,38.68,26.05,102.89,18.08
2026-01-02 10:30:00,TR-01,TR-01-EP-03,1.731,37.83,24.69,112.38,21.38
2026-01-02 10:45:00,TR-01,TR-01-EP-04,1.629,37.78,24.93,99.43,25.81
2026-01-02 11:00:00,TR-01,TR-01-EP-01,1.835,36.87,26.07,119.94,19.38
2026-01-02 11:15:00,TR-01,TR-01-EP-02,1.685,38.71,25.62,101.56,18.05
2026-01-02 11:30:00,TR-01,TR-01-EP-03,1.716,38.28,24.32,110.51,21.34
2026-01-02 11:45:00,TR-01,TR-01-EP-04,1.611,38.56,24.62,97.19,25.75
2026-01-02 12:00:00,TR-01,TR-01-EP-01,1.829,36.6,25.63,119.08,19.36
2026-01-02 12:15:00,TR-01,TR-01-EP-02,1.674,38.87,25.23,100.13,18.02
2026-01-02 12:30:00,TR-01,TR-01-EP-03,1.701,38.83,24.0,108.58,21.29
2026-01-02 12:45:00,TR-01,TR-01-EP-04,1.593,39.41,24.37,94.98,25.7
2026-01-02 13:00:00,TR-01,TR-01-EP-01,1.822,36.45,25.23,118.11,19.34
2026-01-02 13:15:00,TR-01,TR-01-EP-02,1.663,39.15,24.89,98.61,17.98
2026-01-02 13:30:00,TR-01,TR-01-EP-03,1.686,39.49,23.72,106.64,21.24
2026-01-02 13:45:00,TR-01,TR-01-EP-04,1.576,40.32,24.17,92.85,25.64
2026-01-02 14:00:00,TR-01,TR-01-EP-01,1.814,36.43,24.86,117.05,19.32
2026-01-02 14:15:00,TR-01,TR-01-EP-02,1.962,29.94,26.85,114.46,21.93
2026-01-02 14:30:00,TR-01,TR-01-EP-03,2.272,27.79,24.87,124.18,27.79
2026-01-02 14:45:00,TR-01,TR-01-EP-04,2.172,27.49,25.71,120.71,36.66
2026-01-02 15:00:00,TR-01,TR-01-EP-01,1.806,36.53,24.54,115.92,19.29
2026-01-02 15:15:00,TR-01,TR-01-EP-02,1.639,40.05,24.34,95.43,17.91
2026-01-02 15:30:00,TR-01,TR-01-EP-03,1.656,41.05,23.33,102.82,21.15
2026-01-02 15:45:00,TR-01,TR-01-EP-04,1.544,42.26,23.96,88.9,25.54
2026-01-02 16:00:00,TR-01,TR-01-EP-01,1.797,36.75,24.27,114.72,19.26
2026-01-02 16:15:00,TR-01,TR-01-EP-02,1.627,40.67,24.15,93.82,17.87
2026-01-02 16:30:00,TR-01,TR-01-EP-03,1.642,41.94,23.23,101.0,21.1
2026-01-02 16:45:00,TR-01,TR-01-EP-04,1.53,43.26,23.94,87.16,25.49
2026-01-02 17:00:00,TR-01,TR-01-EP-01,1.788,37.1,24.05,113.49,19.23
2026-01-02 17:15:00,TR-01,TR-01-EP-02,1.615,41.37,24.02,92.23,17.83
2026-01-02 17:30:00,TR-01,TR-01-EP-03,1.629,42.87,23.19,99.28,21.06
2026-01-02 17:45:00,TR-01,TR-01-EP-04,1.517,44.25,23.99,85.61,25.45
2026-01-02 18:00:00,TR-01,TR-01-EP-01,1.779,37.56,23.89,112.23,19.2
2026-01-02 18:15:00,TR-01,TR-01-EP-02,1.603,42.16,23.95,90.68,17.79
2026-01-02 18:30:00,TR-01,TR-01-EP-03,2.198,31.41,24.58,115.84,27.56
2026-01-02 18:45:00,TR-01,TR-01-EP-04,2.098,31.45,25.78,112.02,36.42
2026-01-02 19:00:00,TR-01,TR-01-EP-01,2.28,28.59,25.36,152.71,28.68
2026-01-02 19:15:00,TR-01,TR-01-EP-02,1.592,43.02,23.94,89.19,17.76
2026-01-02 19:30:00,TR-01,TR-01-EP-03,1.605,44.84,23.29,96.24,20.98
2026-01-02 19:45:00,TR-01,TR-01-EP-04,1.498,46.18,24.27,83.17,25.4
2026-01-02 20:00:00,TR-01,TR-01-EP-01,1.761,38.79,23.76,109.73,19.15
2026-01-02 20:15:00,TR-01,TR-01-EP-02,1.582,43.93,23.99,87.8,17.72
2026-01-02 20:30:00,TR-01,TR-01-EP-03,1.595,45.84,23.43,94.97,20.95
2026-01-02 20:45:00,TR-01,TR-01-EP-04,1.491,47.08,24.49,82.32,25.4
2026-01-02 21:00:00,TR-01,TR-01-EP-01,1.752,39.54,23.78,108.53,19.12
2026-01-02 21:15:00,TR-01,TR-01-EP-02,1.572,44.89,24.11,86.51,17.69
2026-01-02 21:30:00,TR-01,TR-01-EP-03,1.587,46.83,23.63,93.89,20.92
2026-01-02 21:45:00,TR-01,TR-01-EP-04,1.486,47.92,24.78,81.74,25.4
2026-01-02 22:00:00,TR-01,TR-01-EP-01,1.744,40.37,23.87,107.39,19.09
2026-01-02 22:15:00,TR-01,TR-01-EP-02,1.563,45.88,24.28,85.36,17.66
2026-01-02 22:30:00,TR-01,TR-01-EP-03,1.58,47.79,23.89,93.02,20.9
2026-01-02 22:45:00,TR-01,TR-01-EP-04,2.066,34.9,26.79,108.24,36.39
2026-01-02 23:00:00,TR-01,TR-01-EP-01,2.236,31.73,25.58,146.31,28.51
2026-01-02 23:15:00,TR-01,TR-01-EP-02,1.849,37.27,26.77,99.51,21.56
2026-01-02 23:30:00,TR-01,TR-01-EP-03,1.575,48.72,24.2,92.38,20.89
2026-01-02 23:45:00,TR-01,TR-01-EP-04,1.483,49.36,25.48,81.39,25.4
2026-01-03 00:00:00,TR-01,TR-01-EP-01,1.729,42.2,24.23,105.34,19.04
2026-01-03 00:15:00,TR-01,TR-01-EP-02,1.55,47.87,24.8,83.52,17.62
2026-01-03 00:30:00,TR-01,TR-01-EP-03,1.572,49.58,24.55,91.97,20.88
2026-01-03 00:45:00,TR-01,TR-01-EP-04,1.485,49.95,25.89,81.64,25.4
2026-01-03 01:00:00,TR-01,TR-01-EP-01,1.723,43.18,24.49,104.47,19.02
2026-01-03 01:15:00,TR-01,TR-01-EP-02,1.545,48.85,25.13,82.87,17.6
2026-01-03 01:30:00,TR-01,TR-01-EP-03,1.57,50.38,24.95,91.79,20.87
2026-01-03 01:45:00,TR-01,TR-01-EP-04,1.49,50.42,26.34,82.17,25.4
2026-01-03 02:00:00,TR-01,TR-01-EP-01,1.718,44.17,24.8,103.71,19.01
2026-01-03 02:15:00,TR-02,TR-02-EP-01,1.523,53.02,27.17,88.63,22.24
2026-01-03 02:30:00,TR-02,TR-02-EP-02,1.548,50.89,27.83,90.11,24.5
2026-01-03 02:45:00,TR-02,TR-02-EP-03,1.728,52.13,27.65,94.7,26.82
2026-01-03 03:00:00,TR-02,TR-02-EP-04,1.793,45.03,28.71,106.23,29.3
2026-01-03 03:15:00,TR-02,TR-02-EP-01,1.536,52.93,27.67,90.27,22.28
2026-01-03 03:30:00,TR-02,TR-02-EP-02,1.566,50.39,28.33,92.45,24.56
2026-01-03 03:45:00,TR-02,TR-02-EP-03,1.751,51.31,28.14,97.55,26.89
2026-01-03 04:00:00,TR-02,TR-02-EP-04,1.818,44.05,29.17,109.28,29.38
2026-01-03 04:15:00,TR-02,TR-02-EP-01,1.55,52.71,28.17,92.14,22.33
2026-01-03 04:30:00,TR-02,TR-02-EP-02,1.586,49.78,28.83,94.96,24.62
2026-01-03 04:45:00,TR-02,TR-02-EP-03,1.775,50.43,28.61,100.45,26.97
2026-01-03 05:00:00,TR-02,TR-02-EP-04,1.843,43.05,29.6,112.27,29.46
2026-01-03 05:15:00,TR-02,TR-02-EP-01,1.566,52.38,28.67,94.2,22.38
2026-01-03 05:30:00,TR-02,TR-02-EP-02,1.606,49.09,29.3,97.58,24.69
2026-01-03 05:45:00,TR-02,TR-02-EP-03,1.799,49.5,29.05,103.37,27.04
2026-01-03 06:00:00,TR-02,TR-02-EP-04,1.868,42.05,30.0,115.15,29.54
2026-01-03 06:15:00,TR-02,TR-02-EP-01,1.582,51.93,29.15,96.42,22.43
2026-01-03 06:30:00,TR-02,TR-02-EP-02,1.628,48.3,29.76,100.28,24.75
2026-01-03 06:45:00,TR-02,TR-02-EP-03,1.822,48.53,29.46,106.26,27.12
2026-01-03 07:00:00,TR-02,TR-02-EP-04,1.891,41.07,30.35,117.88,29.61
2026-01-03 07:15:00,TR-02,TR-02-EP-01,1.6,51.37,29.62,98.77,22.49
2026-01-03 07:30:00,TR-02,TR-02-EP-02,1.649,47.45,30.19,103.01,24.82
2026-01-03 07:45:00,TR-02,TR-02-EP-03,1.845,47.53,29.84,109.07,27.19
2026-01-03 08:00:00,TR-02,TR-02-EP-04,1.912,40.12,30.66,120.42,29.68
2026-01-03 08:15:00,TR-02,TR-02-EP-01,1.619,50.72,30.06,101.21,22.54
2026-01-03 08:30:00,TR-02,TR-02-EP-02,1.67,46.54,30.58,105.74,24.89
2026-01-03 08:45:00,TR-02,TR-02-EP-03,1.867,46.54,30.17,111.76,27.26
2026-01-03 09:00:00,TR-02,TR-02-EP-04,1.931,39.21,30.92,122.73,29.74
2026-01-03 09:15:00,TR-02,TR-02-EP-01,1.638,49.97,30.47,103.71,22.61
2026-01-03 09:30:00,TR-02,TR-02-EP-02,1.691,45.58,30.93,108.42,24.96
2026-01-03 09:45:00,TR-02,TR-02-EP-03,1.887,45.54,30.45,114.28,27.33
2026-01-03 10:00:00,TR-02,TR-02-EP-04,1.949,38.37,31.12,124.77,29.8
2026-01-03 10:15:00,TR-02,TR-02-EP-01,1.656,49.15,30.84,106.21,22.67
2026-01-03 10:30:00,TR-02,TR-02-EP-02,1.712,44.6,31.23,111.0,25.02
2026-01-03 10:45:00,TR-02,TR-02-EP-03,1.906,44.58,30.67,116.61,27.39
2026-01-03 11:00:00,TR-02,TR-02-EP-04,1.963,37.6,31.26,126.51,29.85
2026-01-03 11:15:00,TR-02,TR-02-EP-01,1.675,48.26,31.16,108.7,22.73
2026-01-03 11:30:00,TR-02,TR-02-EP-02,1.731,43.6,31.49,113.45,25.09
2026-01-03 11:45:00,TR-02,TR-02-EP-03,1.923,43.65,30.84,118.69,27.44
2026-01-03 12:00:00,TR-02,TR-02-EP-04,1.975,36.91,31.34,127.92,29.88
2026-01-03 12:15:00,TR-02,TR-02-EP-01,1.694,47.32,31.44,111.12,22.78
2026-01-03 12:30:00,TR-02,TR-02-EP-02,1.749,42.6,31.68,115.73,25.14
2026-01-03 12:45:00,TR-02,TR-02-EP-03,1.938,42.78,30.95,120.5,27.49
2026-01-03 13:00:00,TR-02,TR-02-EP-04,1.984,36.32,31.36,128.98,29.91
2026-01-03 13:15:00,TR-02,TR-02-EP-01,1.711,46.35,31.66,113.43,22.84
2026-01-03 13:30:00,TR-02,TR-02-EP-02,1.765,41.62,31.82,117.8,25.19
2026-01-03 13:45:00,TR-02,TR-02-EP-03,1.95,41.97,31.0,122.01,27.53
2026-01-03 14:00:00,TR-02,TR-02-EP-04,1.99,35.84,31.32,129.67,29.93
2026-01-03 14:15:00,TR-02,TR-02-EP-01,1.728,45.35,31.82,115.61,22.89
2026-01-03 14:30:00,TR-02,TR-02-EP-02,1.78,40.68,31.89,119.64,25.24
2026-01-03 14:45:00,TR-02,TR-02-EP-03,1.96,41.25,30.98,123.2,27.56
2026-01-03 15:00:00,TR-02,TR-02-EP-04,1.992,35.47,31.22,129.99,29.94
2026-01-03 15:15:00,TR-02,TR-02-EP-01,1.743,44.35,31.93,117.62,22.94
2026-01-03 15:30:00,TR-02,TR-02-EP-02,1.792,39.78,31.91,121.21,25.28
2026-01-03 15:45:00,TR-02,TR-02-EP-03,1.967,40.61,30.91,124.05,27.58
2026-01-03 16:00:00,TR-02,TR-02-EP-04,1.992,35.21,31.05,129.93,29.94
2026-01-03 16:15:00,TR-02,TR-02-EP-01,1.756,43.37,31.97,119.43,22.99
2026-01-03 16:30:00,TR-02,TR-02-EP-02,1.802,38.94,31.86,122.48,25.31
2026-01-03 16:45:00,TR-02,TR-02-EP-03,1.971,40.08,30.77,124.54,27.59
2026-01-03 17:00:00,TR-02,TR-02-EP-04,1.988,35.08,30.83,129.48,29.93
2026-01-03 17:15:00,TR-02,TR-02-EP-01,1.768,42.4,31.95,121.0,23.02
2026-01-03 17:30:00,TR-02,TR-02-EP-02,1.809,38.18,31.75,123.45,25.34
2026-01-03 17:45:00,TR-02,TR-02-EP-03,1.972,39.66,30.57,124.67,27.6
2026-01-03 18:00:00,TR-02,TR-02-EP-04,1.981,35.08,30.55,128.66,29.9
2026-01-03 18:15:00,TR-02,TR-02-EP-01,1.778,41.48,31.86,122.32,23.06
2026-01-03 18:30:00,TR-02,TR-02-EP-02,1.814,37.5,31.58,124.09,25.35
2026-01-03 18:45:00,TR-02,TR-02-EP-03,1.97,39.35,30.32,124.43,27.59
2026-01-03 19:00:00,TR-02,TR-02-EP-04,1.971,35.2,30.23,127.48,29.87
2026-01-03 19:15:00,TR-02,TR-02-EP-01,1.786,40.61,31.72,123.36,23.08
2026-01-03 19:30:00,TR-02,TR-02-EP-02,1.817,36.92,31.35,124.39,25.36
2026-01-03 19:45:00,TR-02,TR-02-EP-03,1.965,39.17,30.02,123.84,27.58
2026-01-03 20:00:00,TR-02,TR-02-EP-04,1.959,35.44,29.85,125.96,29.83
2026-01-03 20:15:00,TR-02,TR-02-EP-01,1.792,39.82,31.52,124.11,23.1
2026-01-03 20:30:00,TR-02,TR-02-EP-02,1.816,36.45,31.07,124.35,25.36
2026-01-03 20:45:00,TR-02,TR-02-EP-03,1.957,39.1,29.66,122.89,27.55
2026-01-03 21:00:00,TR-02,TR-02-EP-04,1.943,35.8,29.44,124.11,29.78
2026-01-03 21:15:00,TR-02,TR-02-EP-01,1.795,39.1,31.26,124.55,23.11
2026-01-03 21:30:00,TR-02,TR-02-EP-02,1.813,36.09,30.74,123.96,25.35
2026-01-03 21:45:00,TR-02,TR-02-EP-03,1.947,39.17,29.27,121.6,27.52
2026-01-03 22:00:00,TR-02,TR-02-EP-04,1.925,36.28,29.0,121.98,29.72
2026-01-03 22:15:00,TR-02,TR-02-EP-01,1.796,38.47,30.95,124.69,23.11
2026-01-03 22:30:00,TR-02,TR-02-EP-02,1.808,35.85,30.36,123.25,25.33
2026-01-03 22:45:00,TR-02,TR-02-EP-03,1.934,39.35,28.84,119.99,27.48
2026-01-03 23:00:00,TR-02,TR-02-EP-04,1.905,36.86,28.53,119.59,29.66
2026-01-03 23:15:00,TR-02,TR-02-EP-01,1.795,37.95,30.59,124.51,23.11
2026-01-03 23:30:00,TR-02,TR-02-EP-02,1.8,35.73,29.95,122.21,25.31
2026-01-03 23:45:00,TR-02,TR-02-EP-03,1.918,39.66,28.38,118.1,27.43
2026-01-04 00:00:00,TR-02,TR-02-EP-04,1.883,37.53,28.05,116.98,29.59
2026-01-04 00:15:00,TR-02,TR-02-EP-01,1.791,37.54,30.2,124.01,23.1
2026-01-04 00:30:00,TR-02,TR-02-EP-02,1.789,35.74,29.5,120.86,25.27
2026-01-04 00:45:00,TR-02,TR-02-EP-03,1.901,40.09,27.91,115.94,27.37
2026-01-04 01:00:00,TR-02,TR-02-EP-04,1.86,38.3,27.55,114.19,29.51
2026-01-04 01:15:00,TR-02,TR-02-EP-01,1.785,37.25,29.76,123.22,23.08
2026-01-04 01:30:00,TR-02,TR-02-EP-02,1.776,35.87,29.03,119.23,25.23
2026-01-04 01:45:00,TR-02,TR-02-EP-03,1.881,40.62,27.41,113.55,27.31
2026-01-04 02:00:00,TR-02,TR-02-EP-04,1.835,39.14,27.05,111.26,29.44
2026-01-04 02:15:00,TR-02,TR-02-EP-01,1.777,37.07,29.31,122.13,23.05
2026-01-04 02:30:00,TR-02,TR-02-EP-02,1.761,36.13,28.54,117.33,25.18
2026-01-04 02:45:00,TR-02,TR-02-EP-03,1.86,41.26,26.91,110.98,27.24
2026-01-04 03:00:00,TR-02,TR-02-EP-04,1.81,40.04,26.56,108.25,29.36
2026-01-04 03:15:00,TR-02,TR-02-EP-01,1.767,37.03,28.82,120.78,23.02
2026-01-04 03:30:00,TR-02,TR-02-EP-02,1.745,36.5,28.05,115.2,25.13
2026-01-04 03:45:00,TR-02,TR-02-EP-03,1.838,41.98,26.42,108.25,27.17
2026-01-04 04:00:00,TR-02,TR-02-EP-04,1.784,40.98,26.07,105.19,29.27
2026-01-04 04:15:00,TR-02,TR-02-EP-01,1.754,37.1,28.33,119.17,22.98
2026-01-04 04:30:00,TR-02,TR-02-EP-02,1.726,36.98,27.55,112.88,25.07
2026-01-04 04:45:00,TR-02,TR-02-EP-03,1.815,42.79,25.93,105.41,27.1
2026-01-04 05:00:00,TR-02,TR-02-EP-04,1.758,41.96,25.61,102.14,29.19
2026-01-04 05:15:00,TR-02,TR-02-EP-01,1.741,37.3,27.83,117.33,22.94
2026-01-04 05:30:00,TR-02,TR-02-EP-02,1.707,37.58,27.05,110.39,25.01
2026-01-04 05:45:00,TR-02,TR-02-EP-03,1.792,43.66,25.45,102.51,27.02
2026-01-04 06:00:00,TR-02,TR-02-EP-04,1.733,42.96,25.18,99.14,29.11
2026-01-04 06:15:00,TR-02,TR-02-EP-01,1.725,37.62,27.33,115.29,22.89
2026-01-04 06:30:00,TR-02,TR-02-EP-02,1.687,38.26,26.57,107.78,24.94
2026-01-04 06:45:00,TR-02,TR-02-EP-03,1.768,44.59,25.01,99.59,26.95
2026-01-04 07:00:00,TR-02,TR-02-EP-04,1.708,43.96,24.78,96.24,29.03
2026-01-04 07:15:00,TR-02,TR-02-EP-01,1.708,38.06,26.85,113.09,22.83
2026-01-04 07:30:00,TR-02,TR-02-EP-02,1.665,39.03,26.11,105.09,24.88
2026-01-04 07:45:00,TR-02,TR-02-EP-03,1.744,45.56,24.59,96.69,26.87
2026-01-04 08:00:00,TR-02,TR-02-EP-04,1.685,44.94,24.42,93.49,28.96
2026-01-04 08:15:00,TR-02,TR-02-EP-01,1.691,38.6,26.38,110.75,22.78
2026-01-04 08:30:00,TR-02,TR-02-EP-02,1.644,39.88,25.68,102.36,24.81
2026-01-04 08:45:00,TR-02,TR-02-EP-03,1.721,46.55,24.21,93.87,26.8
2026-01-04 09:00:00,TR-02,TR-02-EP-04,1.664,45.9,24.1,90.92,28.89
2026-01-04 09:15:00,TR-02,TR-02-EP-01,1.672,39.25,25.93,108.32,22.72
2026-01-04 09:30:00,TR-02,TR-02-EP-02,1.623,40.78,25.28,99.63,24.74
2026-01-04 09:45:00,TR-02,TR-02-EP-03,1.699,47.55,23.87,91.16,26.73
2026-01-04 10:00:00,TR-02,TR-02-EP-04,1.644,46.81,23.84,88.58,28.83
2026-01-04 10:15:00,TR-02,TR-02-EP-01,1.654,39.98,25.52,105.83,22.66
2026-01-04 10:30:00,TR-02,TR-02-EP-02,1.601,41.74,24.93,96.95,24.67
2026-01-04 10:45:00,TR-02,TR-02-EP-03,1.679,48.54,23.59,88.62,26.66
2026-01-04 11:00:00,TR-02,TR-02-EP-04,1.627,47.66,23.63,86.51,28.77
2026-01-04 11:15:00,TR-02,TR-02-EP-01,1.635,40.8,25.14,103.32,22.6
2026-01-04 11:30:00,TR-02,TR-02-EP-02,1.581,42.72,24.62,94.35,24.61
2026-01-04 11:45:00,TR-02,TR-02-EP-03,1.659,49.51,23.35,86.27,26.6
2026-01-04 12:00:00,TR-02,TR-02-EP-04,1.612,48.44,23.48,84.73,28.72
2026-01-04 12:15:00,TR-02,TR-02-EP-01,1.616,41.68,24.81,100.83,22.54
2026-01-04 12:30:00,TR-02,TR-02-EP-02,1.562,43.72,24.36,91.88,24.54
2026-01-04 12:45:00,TR-02,TR-02-EP-03,1.642,50.44,23.18,84.15,26.54
2026-01-04 13:00:00,TR-02,TR-02-EP-04,1.599,49.14,23.39,83.28,28.68
2026-01-04 13:15:00,TR-02,TR-02-EP-01,1.597,42.61,24.53,98.4,22.48
2026-01-04 13:30:00,TR-02,TR-02-EP-02,1.544,44.71,24.16,89.58,24.49
2026-01-04 13:45:00,TR-02,TR-02-EP-03,1.627,51.32,23.06,82.3,26.5
2026-01-04 14:00:00,TR-02,TR-02-EP-04,1.59,49.74,23.36,82.17,28.65
2026-01-04 14:15:00,TR-02,TR-02-EP-01,1.58,43.58,24.3,96.07,22.42
2026-01-04 14:30:00,TR-02,TR-02-EP-02,1.527,45.7,24.01,87.47,24.43
2026-01-04 14:45:00,TR-02,TR-02-EP-03,1.615,52.14,23.01,80.75,26.45
2026-01-04 15:00:00,TR-02,TR-02-EP-04,1.584,50.24,23.4,81.43,28.63
2026-01-04 15:15:00,TR-02,TR-02-EP-01,1.563,44.57,24.13,93.87,22.37
2026-01-04 15:30:00,TR-02,TR-02-EP-02,1.512,46.65,23.93,85.61,24.39
2026-01-04 15:45:00,TR-02,TR-02-EP-03,1.605,52.88,23.01,79.52,26.42
2026-01-04 16:00:00,TR-02,TR-02-EP-04,1.581,50.62,23.5,81.07,28.62
2026-01-04 16:15:00,TR-02,TR-02-EP-01,1.548,45.57,24.02,91.84,22.32
2026-01-04 16:30:00,TR-02,TR-02-EP-02,1.994,31.74,25.23,109.12,31.31
2026-01-04 16:45:00,TR-02,TR-02-EP-03,2.106,42.84,24.89,98.83,35.52
2026-01-04 17:00:00,TR-02,TR-02-EP-04,1.96,35.73,25.56,98.05,33.41
2026-01-04 17:15:00,TR-02,TR-02-EP-01,1.534,46.56,23.97,90.0,22.27
2026-01-04 17:30:00,TR-02,TR-02-EP-02,1.49,48.4,23.95,82.69,24.35
2026-01-04 17:45:00,TR-02,TR-02-EP-03,1.593,54.07,23.21,78.1,26.39
2026-01-04 18:00:00,TR-02,TR-02-EP-04,1.584,51.04,23.87,81.48,28.63
2026-01-04 18:15:00,TR-02,TR-02-EP-01,1.522,47.53,23.98,88.4,22.23
2026-01-04 18:30:00,TR-02,TR-02-EP-02,1.482,49.17,24.05,81.69,24.35
2026-01-04 18:45:00,TR-02,TR-02-EP-03,1.592,54.5,23.4,77.92,26.38
2026-01-04 19:00:00,TR-02,TR-02-EP-04,1.591,51.06,24.14,82.26,28.66
2026-01-04 19:15:00,TR-02,TR-02-EP-01,1.512,48.46,24.06,87.05,22.2
2026-01-04 19:30:00,TR-02,TR-02-EP-02,1.476,49.86,24.22,81.01,24.35
2026-01-04 19:45:00,TR-02,TR-02-EP-03,1.593,54.83,23.65,78.11,26.39
2026-01-04 20:00:00,TR-02,TR-02-EP-04,1.6,50.95,24.46,83.39,28.69
2026-01-04 20:15:00,TR-02,TR-02-EP-01,1.503,49.33,24.2,85.97,22.18
2026-01-04 20:30:00,TR-02,TR-02-EP-02,1.474,50.45,24.44,80.66,24.35
2026-01-04 20:45:00,TR-02,TR-02-EP-03,2.107,44.35,25.76,98.88,35.52
2026-01-04 21:00:00,TR-02,TR-02-EP-04,1.999,35.57,26.73,102.64,33.53
2026-01-04 21:15:00,TR-02,TR-02-EP-01,1.825,35.44,25.64,112.29,32.8
2026-01-04 21:30:00,TR-02,TR-02-EP-02,1.474,50.94,24.71,80.66,24.35
2026-01-04 21:45:00,TR-02,TR-02-EP-03,1.605,55.1,24.29,79.57,26.42
2026-01-04 22:00:00,TR-02,TR-02-EP-04,1.628,50.38,25.23,86.68,28.77
2026-01-04 22:15:00,TR-02,TR-02-EP-01,1.494,50.87,24.64,84.7,22.17
2026-01-04 22:30:00,TR-02,TR-02-EP-02,1.476,51.31,25.04,81.0,24.35
2026-01-04 22:45:00,TR-02,TR-02-EP-03,1.615,55.06,24.68,80.82,26.46
2026-01-04 23:00:00,TR-02,TR-02-EP-04,1.646,49.92,25.67,88.78,28.83
2026-01-04 23:15:00,TR-02,TR-02-EP-01,1.492,51.5,24.95,84.53,22.17
2026-01-04 23:30:00,TR-02,TR-02-EP-02,1.482,51.57,25.41,81.68,24.35
2026-01-04 23:45:00,TR-02,TR-02-EP-03,1.628,54.88,25.1,82.38,26.5
2026-01-05 00:00:00,TR-02,TR-02-EP-04,1.666,49.35,26.13,91.14,28.89
2026-01-05 00:15:00,TR-02,TR-02-EP-01,1.494,52.04,25.3,84.67,22.17
2026-01-05 00:30:00,TR-02,TR-02-EP-02,1.489,51.7,25.82,82.68,24.35
2026-01-05 00:45:00,TR-02,TR-02-EP-03,1.643,54.59,25.56,84.24,26.55
2026-01-05 01:00:00,TR-02,TR-02-EP-04,2.091,33.52,28.52,113.34,33.81
2026-01-05 01:15:00,TR-02,TR-02-EP-01,1.824,37.77,26.94,112.21,32.8
2026-01-05 01:30:00,TR-02,TR-02-EP-02,1.993,35.89,27.58,109.1,31.31
2026-01-05 01:45:00,TR-02,TR-02-EP-03,1.66,54.18,26.04,86.37,26.6
2026-01-05 02:00:00,TR-02,TR-02-EP-04,1.711,47.93,27.11,96.49,29.04
2026-01-05 02:15:00,TR-02,TR-02-EP-01,1.503,52.77,26.12,85.88,22.17
2026-01-05 02:30:00,TR-02,TR-02-EP-02,1.512,51.59,26.73,85.59,24.39
2026-01-05 02:45:00,TR-02,TR-02-EP-03,1.679,53.66,26.53,88.73,26.66
2026-01-05 03:00:00,TR-02,TR-02-EP-04,1.735,47.1,27.61,99.4,29.12
2026-01-05 03:15:00,TR-02,TR-02-EP-01,1.511,52.96,26.57,86.93,22.2
2026-01-05 03:30:00,TR-02,TR-02-EP-02,1.527,51.35,27.21,87.45,24.43
2026-01-05 03:45:00,TR-02,TR-02-EP-03,1.7,53.04,27.03,91.29,26.73
2026-01-05 04:00:00,TR-02,TR-02-EP-04,1.76,46.21,28.11,102.41,29.2
2026-01-05 04:15:00,TR-02,TR-02-EP-01,1.521,53.02,27.05,88.26,22.23
2026-01-05 04:30:00,TR-03,TR-03-EP-01,1.898,43.78,29.07,120.17,18.14
2026-01-05 04:45:00,TR-03,TR-03-EP-02,1.825,42.55,30.79,119.63,26.51
2026-01-05 05:00:00,TR-03,TR-03-EP-03,1.865,35.57,31.03,127.49,28.87
2026-01-05 05:15:00,TR-03,TR-03-EP-04,1.921,36.0,31.45,120.21,33.5
2026-01-05 05:30:00,TR-03,TR-03-EP-01,1.922,42.79,29.51,123.2,18.22
2026-01-05 05:45:00,TR-03,TR-03-EP-02,1.847,41.7,31.19,122.27,26.58
2026-01-05 06:00:00,TR-03,TR-03-EP-03,1.881,35.02,31.37,129.45,28.93
2026-01-05 06:15:00,TR-03,TR-03-EP-04,1.93,35.84,31.72,121.28,33.53
2026-01-05 06:30:00,TR-03,TR-03-EP-01,1.945,41.82,29.93,126.1,18.29
2026-01-05 06:45:00,TR-03,TR-03-EP-02,1.867,40.92,31.55,124.67,26.64
2026-01-05 07:00:00,TR-03,TR-03-EP-03,1.895,34.57,31.66,131.08,28.97
2026-01-05 07:15:00,TR-03,TR-03-EP-04,1.936,35.81,31.93,121.97,33.55
2026-01-05 07:30:00,TR-03,TR-03-EP-01,1.967,40.89,30.31,128.81,18.36
2026-01-05 07:45:00,TR-03,TR-03-EP-02,1.884,40.22,31.87,126.79,26.69
2026-01-05 08:00:00,TR-03,TR-03-EP-03,1.906,34.24,31.9,132.36,29.01
2026-01-05 08:15:00,TR-03,TR-03-EP-04,1.939,35.91,32.08,122.28,33.55
2026-01-05 08:30:00,TR-03,TR-03-EP-01,1.987,40.01,30.64,131.31,18.43
2026-01-05 08:45:00,TR-03,TR-03-EP-02,1.899,39.62,32.13,128.6,26.74
2026-01-05 09:00:00,TR-03,TR-03-EP-03,1.914,34.03,32.08,133.26,29.03
2026-01-05 09:15:00,TR-03,TR-03-EP-04,1.938,36.12,32.18,122.19,33.55
2026-01-05 09:30:00,TR-03,TR-03-EP-01,2.004,39.2,30.93,133.55,18.48
2026-01-05 09:45:00,TR-03,TR-03-EP-02,1.911,39.13,32.34,130.06,26.78
2026-01-05 10:00:00,TR-03,TR-03-EP-03,1.918,33.94,32.2,133.77,29.04
2026-01-05 10:15:00,TR-03,TR-03-EP-04,1.934,36.46,32.21,121.71,33.54
2026-01-05 10:30:00,TR-03,TR-03-EP-01,2.02,38.46,31.16,135.5,18.53
2026-01-05 10:45:00,TR-03,TR-03-EP-02,1.92,38.74,32.48,131.16,26.81
2026-01-05 11:00:00,TR-03,TR-03-EP-03,1.919,33.98,32.26,133.89,29.05
2026-01-05 11:15:00,TR-03,TR-03-EP-04,1.926,36.91,32.18,120.85,33.51
2026-01-05 11:30:00,TR-03,TR-03-EP-01,2.032,37.82,31.34,137.12,18.57
2026-01-05 11:45:00,TR-03,TR-03-EP-02,1.926,38.48,32.57,131.87,26.83
2026-01-05 12:00:00,TR-03,TR-03-EP-03,1.916,34.14,32.26,133.61,29.04
2026-01-05 12:15:00,TR-03,TR-03-EP-04,1.916,37.47,32.09,119.63,33.48
2026-01-05 12:30:00,TR-03,TR-03-EP-01,2.042,37.28,31.45,138.38,18.61
2026-01-05 12:45:00,TR-03,TR-03-EP-02,1.928,38.34,32.6,132.2,26.84
2026-01-05 13:00:00,TR-03,TR-03-EP-03,1.911,34.43,32.2,132.93,29.02
2026-01-05 13:15:00,TR-03,TR-03-EP-04,1.902,38.13,31.93,118.05,33.44
2026-01-05 13:30:00,TR-03,TR-03-EP-01,2.05,36.84,31.51,139.28,18.63
2026-01-05 13:45:00,TR-03,TR-03-EP-02,1.928,38.32,32.56,132.12,26.83
2026-01-05 14:00:00,TR-03,TR-03-EP-03,1.902,34.83,32.07,131.87,28.99
2026-01-05 14:15:00,TR-03,TR-03-EP-04,1.885,38.88,31.72,116.14,33.38
2026-01-05 14:30:00,TR-03,TR-03-EP-01,2.054,36.52,31.5,139.8,18.64
2026-01-05 14:45:00,TR-03,TR-03-EP-02,1.924,38.42,32.46,131.64,26.82
2026-01-05 15:00:00,TR-03,TR-03-EP-03,1.89,35.34,31.88,130.44,28.95
2026-01-05 15:15:00,TR-03,TR-03-EP-04,1.866,39.7,31.46,113.95,33.32
2026-01-05 15:30:00,TR-03,TR-03-EP-01,2.055,36.33,31.43,139.93,18.64
2026-01-05 15:45:00,TR-03,TR-03-EP-02,1.917,38.65,32.3,130.77,26.8
2026-01-05 16:00:00,TR-03,TR-03-EP-03,1.875,35.96,31.64,128.67,28.91
2026-01-05 16:15:00,TR-03,TR-03-EP-04,1.844,40.59,31.14,111.49,33.25
2026-01-05 16:30:00,TR-03,TR-03-EP-01,2.052,36.25,31.29,139.66,18.64
2026-01-05 16:45:00,TR-03,TR-03-EP-02,1.906,39.0,32.09,129.53,26.77
2026-01-05 17:00:00,TR-03,TR-03-EP-03,1.857,36.67,31.35,126.58,28.85
2026-01-05 17:15:00,TR-03,TR-03-EP-04,1.821,41.53,30.78,108.8,33.18
2026-01-05 17:30:00,TR-03,TR-03-EP-01,2.047,36.3,31.1,139.0,18.62
2026-01-05 17:45:00,TR-03,TR-03-EP-02,1.893,39.47,31.82,127.93,26.72
2026-01-05 18:00:00,TR-03,TR-03-EP-03,1.837,37.46,31.01,124.21,28.79
2026-01-05 18:15:00,TR-03,TR-03-EP-04,1.796,42.5,30.38,105.94,33.1
2026-01-05 18:30:00,TR-03,TR-03-EP-01,2.039,36.48,30.86,137.96,18.59
2026-01-05 18:45:00,TR-03,TR-03-EP-02,1.877,40.04,31.5,125.99,26.67
2026-01-05 19:00:00,TR-03,TR-03-EP-03,1.815,38.32,30.62,121.59,28.71
2026-01-05 19:15:00,TR-03,TR-03-EP-04,1.769,43.5,29.94,102.94,33.01
2026-01-05 19:30:00,TR-03,TR-03-EP-01,2.028,36.77,30.56,136.56,18.56
2026-01-05 19:45:00,TR-03,TR-03-EP-02,1.859,40.71,31.13,123.76,26.62
2026-01-05 20:00:00,TR-03,TR-03-EP-03,1.791,39.24,30.2,118.77,28.64
2026-01-05 20:15:00,TR-03,TR-03-EP-04,1.742,44.5,29.48,99.85,32.93
2026-01-05 20:30:00,TR-03,TR-03-EP-01,2.014,37.19,30.21,134.81,18.52
2026-01-05 20:45:00,TR-03,TR-03-EP-02,1.839,41.46,30.72,121.26,26.55
2026-01-05 21:00:00,TR-03,TR-03-EP-03,1.765,40.2,29.75,115.78,28.56
2026-01-05 21:15:00,TR-03,TR-03-EP-04,1.715,45.48,28.99,96.72,32.84
2026-01-05 21:30:00,TR-03,TR-03-EP-01,1.998,37.71,29.82,132.76,18.46
2026-01-05 21:45:00,TR-03,TR-03-EP-02,1.816,42.29,30.28,118.53,26.48
2026-01-05 22:00:00,TR-03,TR-03-EP-03,1.739,41.18,29.27,112.68,28.47
2026-01-05 22:15:00,TR-03,TR-03-EP-04,1.688,46.45,28.5,93.6,32.75
2026-01-05 22:30:00,TR-03,TR-03-EP-01,1.979,38.33,29.4,130.42,18.4
2026-01-05 22:45:00,TR-03,TR-03-EP-02,1.792,43.19,29.82,115.61,26.4
2026-01-05 23:00:00,TR-03,TR-03-EP-03,1.712,42.18,28.78,109.5,28.39
2026-01-05 23:15:00,TR-03,TR-03-EP-04,1.661,47.37,28.0,90.53,32.66
2026-01-05 23:30:00,TR-03,TR-03-EP-01,1.959,39.05,28.94,127.84,18.34
2026-01-05 23:45:00,TR-03,TR-03-EP-02,1.767,44.13,29.33,112.55,26.32
2026-01-06 00:00:00,TR-03,TR-03-EP-03,1.685,43.18,28.28,106.32,28.3
2026-01-06 00:15:00,TR-03,TR-03-EP-04,1.635,48.23,27.5,87.57,32.58
2026-01-06 00:30:00,TR-03,TR-03-EP-01,1.937,39.85,28.46,125.05,18.27
2026-01-06 00:45:00,TR-03,TR-03-EP-02,1.742,45.11,28.84,109.4,26.24
2026-01-06 01:00:00,TR-03,TR-03-EP-03,1.659,44.15,27.78,103.16,28.22
2026-01-06 01:15:00,TR-03,TR-03-EP-04,1.61,49.03,27.02,84.76,32.5
2026-01-06 01:30:00,TR-03,TR-03-EP-01,1.914,40.72,27.97,122.1,18.19
2026-01-06 01:45:00,TR-03,TR-03-EP-02,1.715,46.1,28.34,106.21,26.16
2026-01-06 02:00:00,TR-03,TR-03-EP-03,1.632,45.1,27.29,100.09,28.13
2026-01-06 02:15:00,TR-03,TR-03-EP-04,1.587,49.75,26.55,82.15,32.43
2026-01-06 02:30:00,TR-03,TR-03-EP-01,1.889,41.64,27.47,119.03,18.12
2026-01-06 02:45:00,TR-03,TR-03-EP-02,1.689,47.1,27.84,103.02,26.07
2026-01-06 03:00:00,TR-03,TR-03-EP-03,1.608,45.99,26.82,97.14,28.05
2026-01-06 03:15:00,TR-03,TR-03-EP-04,1.567,50.37,26.11,79.77,32.36
2026-01-06 03:30:00,TR-03,TR-03-EP-01,1.865,42.6,26.97,115.9,18.04
2026-01-06 03:45:00,TR-03,TR-03-EP-02,1.664,48.09,27.36,99.9,25.99
2026-01-06 04:00:00,TR-03,TR-03-EP-03,1.584,46.82,26.36,94.37,27.98
2026-01-06 04:15:00,TR-03,TR-03-EP-04,1.548,50.89,25.7,77.66,32.3
2026-01-06 04:30:00,TR-03,TR-03-EP-01,1.84,43.59,26.48,112.74,17.96
2026-01-06 04:45:00,TR-03,TR-03-EP-02,1.639,49.05,26.89,96.87,25.91
2026-01-06 05:00:00,TR-03,TR-03-EP-03,1.562,47.57,25.94,91.82,27.91
2026-01-06 05:15:00,TR-03,TR-03-EP-04,1.532,51.3,25.33,75.86,32.25
2026-01-06 05:30:00,TR-03,TR-03-EP-01,1.815,44.59,26.01,109.62,17.88
2026-01-06 05:45:00,TR-03,TR-03-EP-02,1.615,49.96,26.45,94.0,25.84
2026-01-06 06:00:00,TR-03,TR-03-EP-03,1.543,48.24,25.55,89.53,27.85
2026-01-06 06:15:00,TR-03,TR-03-EP-04,1.52,51.59,25.01,74.39,32.21
2026-01-06 06:30:00,TR-03,TR-03-EP-01,1.791,45.59,25.56,106.58,17.8
2026-01-06 06:45:00,TR-03,TR-03-EP-02,1.594,50.82,26.05,91.33,25.77
2026-01-06 07:00:00,TR-03,TR-03-EP-03,1.526,48.8,25.21,87.53,27.79
2026-01-06 07:15:00,TR-03,TR-03-EP-04,1.51,51.76,24.73,73.27,32.18
2026-01-06 07:30:00,TR-03,TR-03-EP-01,1.768,46.56,25.14,103.66,17.73
2026-01-06 07:45:00,TR-03,TR-03-EP-02,1.574,51.61,25.69,88.89,25.7
2026-01-06 08:00:00,TR-03,TR-03-EP-03,1.512,49.26,24.91,85.86,27.75
2026-01-06 08:15:00,TR-03,TR-03-EP-04,1.503,51.81,24.51,72.54,32.16
2026-01-06 08:30:00,TR-03,TR-03-EP-01,1.746,47.5,24.76,100.92,17.66
2026-01-06 08:45:00,TR-03,TR-03-EP-02,1.556,52.32,25.37,86.73,25.64
2026-01-06 09:00:00,TR-03,TR-03-EP-03,1.501,49.61,24.67,84.53,27.71
2026-01-06 09:15:00,TR-03,TR-03-EP-04,1.5,51.73,24.35,72.18,32.15
2026-01-06 09:30:00,TR-03,TR-03-EP-01,1.726,48.38,24.41,98.39,17.59
2026-01-06 09:45:00,TR-03,TR-03-EP-02,1.541,52.93,25.1,84.89,25.6
2026-01-06 10:00:00,TR-03,TR-03-EP-03,1.493,49.83,24.48,83.59,27.71
2026-01-06 10:15:00,TR-03,TR-03-EP-04,1.501,51.53,24.25,72.22,32.15
2026-01-06 10:30:00,TR-03,TR-03-EP-01,1.708,49.21,24.12,96.12,17.54
2026-01-06 10:45:00,TR-03,TR-03-EP-02,1.528,53.44,24.88,83.38,25.56
2026-01-06 11:00:00,TR-03,TR-03-EP-03,1.488,49.94,24.35,83.02,27.71
2026-01-06 11:15:00,TR-03,TR-03-EP-04,1.504,51.2,24.21,72.65,32.16
2026-01-06 11:30:00,TR-03,TR-03-EP-01,1.693,49.95,23.88,94.14,17.49
2026-01-06 11:45:00,TR-03,TR-03-EP-02,1.519,53.83,24.73,82.24,25.53
2026-01-06 12:00:00,TR-03,TR-03-EP-03,1.487,49.91,24.28,82.86,27.71
2026-01-06 12:15:00,TR-03,TR-03-EP-04,1.511,50.77,24.23,73.46,32.19
2026-01-06 12:30:00,TR-03,TR-03-EP-01,1.68,50.61,23.7,92.48,17.44
2026-01-06 12:45:00,TR-03,TR-03-EP-02,1.513,54.12,24.63,81.47,25.51
2026-01-06 13:00:00,TR-03,TR-03-EP-03,1.489,49.77,24.27,83.09,27.71
2026-01-06 13:15:00,TR-03,TR-03-EP-04,1.522,50.22,24.32,74.64,32.22
2026-01-06 13:30:00,TR-03,TR-03-EP-01,1.669,51.16,23.58,91.16,17.41
2026-01-06 13:45:00,TR-03,TR-03-EP-02,1.51,54.27,24.6,81.1,25.5
2026-01-06 14:00:00,TR-03,TR-03-EP-03,1.494,49.5,24.33,83.72,27.71
2026-01-06 14:15:00,TR-03,TR-03-EP-04,1.535,49.57,24.46,76.18,32.26
2026-01-06 14:30:00,TR-03,TR-03-EP-01,1.662,51.61,23.52,90.21,17.39
2026-01-06 14:45:00,TR-03,TR-03-EP-02,1.51,54.31,24.63,81.13,25.5
2026-01-06 15:00:00,TR-03,TR-03-EP-03,1.502,49.11,24.45,84.73,27.72
2026-01-06 15:15:00,TR-03,TR-03-EP-04,1.552,48.84,24.67,78.04,32.31
2026-01-06 15:30:00,TR-03,TR-03-EP-01,1.657,51.94,23.52,89.65,17.37
2026-01-06 15:45:00,TR-03,TR-03-EP-02,1.514,54.22,24.72,81.56,25.51
2026-01-06 16:00:00,TR-03,TR-03-EP-03,1.514,48.61,24.63,86.11,27.75
2026-01-06 16:15:00,TR-03,TR-03-EP-04,1.57,48.02,24.93,80.21,32.38
2026-01-06 16:30:00,TR-03,TR-03-EP-01,1.656,52.16,23.58,89.48,17.37
2026-01-06 16:45:00,TR-03,TR-03-EP-02,1.52,54.0,24.87,82.38,25.53
2026-01-06 17:00:00,TR-03,TR-03-EP-03,1.529,48.01,24.86,87.84,27.8
2026-01-06 17:15:00,TR-03,TR-03-EP-04,1.592,47.14,25.24,82.64,32.44
2026-01-06 17:30:00,TR-03,TR-03-EP-01,1.658,52.25,23.71,89.7,17.37
2026-01-06 17:45:00,TR-03,TR-03-EP-02,1.53,53.67,25.08,83.58,25.56
2026-01-06 18:00:00,TR-03,TR-03-EP-03,1.546,47.31,25.15,89.89,27.86
2026-01-06 18:15:00,TR-03,TR-03-EP-04,1.615,46.21,25.59,85.29,32.52
2026-01-06 18:30:00,TR-03,TR-03-EP-01,1.662,52.21,23.89,90.31,17.39
2026-01-06 18:45:00,TR-03,TR-03-EP-02,1.785,40.35,27.47,110.62,31.0
2026-01-06 19:00:00,TR-03,TR-03-EP-03,1.834,32.56,27.31,121.7,39.33
2026-01-06 19:15:00,TR-03,TR-03-EP-04,2.29,34.05,27.83,127.33,44.22
2026-01-06 19:30:00,TR-03,TR-03-EP-01,1.67,52.05,24.13,91.3,17.41
2026-01-06 19:45:00,TR-03,TR-03-EP-02,1.558,52.66,25.66,87.03,25.65
2026-01-06 20:00:00,TR-03,TR-03-EP-03,1.588,45.68,25.87,94.82,27.99
2026-01-06 20:15:00,TR-03,TR-03-EP-04,1.666,44.24,26.42,91.12,32.68
2026-01-06 20:30:00,TR-03,TR-03-EP-01,1.681,51.77,24.42,92.66,17.45
2026-01-06 20:45:00,TR-03,TR-03-EP-02,1.576,52.0,26.02,89.23,25.71
2026-01-06 21:00:00,TR-03,TR-03-EP-03,1.612,44.77,26.28,97.62,28.07
2026-01-06 21:15:00,TR-03,TR-03-EP-04,1.693,43.24,26.88,94.2,32.77
2026-01-06 21:30:00,TR-03,TR-03-EP-01,1.694,51.37,24.76,94.36,17.49
2026-01-06 21:45:00,TR-03,TR-03-EP-02,1.597,51.26,26.42,91.7,25.77
2026-01-06 22:00:00,TR-03,TR-03-EP-03,1.637,43.81,26.73,100.59,28.15
2026-01-06 22:15:00,TR-03,TR-03-EP-04,1.72,42.25,27.36,97.33,32.85
2026-01-06 22:30:00,TR-03,TR-03-EP-01,1.71,50.86,25.15,96.38,17.54
2026-01-06 22:45:00,TR-03,TR-03-EP-02,1.619,50.44,26.86,94.4,25.85
2026-01-06 23:00:00,TR-03,TR-03-EP-03,1.947,28.86,29.02,136.81,39.77
2026-01-06 23:15:00,TR-03,TR-03-EP-04,2.441,30.11,29.7,145.13,44.69
2026-01-06 23:30:00,TR-03,TR-03-EP-01,2.104,35.5,27.37,114.16,22.86
2026-01-06 23:45:00,TR-03,TR-03-EP-02,1.642,49.55,27.32,97.3,25.92
2026-01-07 00:00:00,TR-03,TR-03-EP-03,1.69,41.83,27.69,106.85,28.32
2026-01-07 00:15:00,TR-03,TR-03-EP-04,1.775,40.36,28.36,103.53,33.03
2026-01-07 00:30:00,TR-03,TR-03-EP-01,1.749,49.54,26.02,101.24,17.67
2026-01-07 00:45:00,TR-03,TR-03-EP-02,1.667,48.61,27.8,100.34,26.0
2026-01-07 01:00:00,TR-03,TR-03-EP-03,1.717,40.83,28.19,110.04,28.4
2026-01-07 01:15:00,TR-03,TR-03-EP-04,1.801,39.49,28.86,106.51,33.11
2026-01-07 01:30:00,TR-03,TR-03-EP-01,1.771,48.75,26.49,104.0,17.74
2026-01-07 01:45:00,TR-03,TR-03-EP-02,1.693,47.64,28.3,103.48,26.08
2026-01-07 02:00:00,TR-03,TR-03-EP-03,1.744,39.85,28.69,113.2,28.49
2026-01-07 02:15:00,TR-03,TR-03-EP-04,1.826,38.68,29.34,109.34,33.19
2026-01-07 02:30:00,TR-03,TR-03-EP-01,1.794,47.89,26.99,106.94,17.81
2026-01-07 02:45:00,TR-03,TR-03-EP-02,1.719,46.64,28.8,106.67,26.17
2026-01-07 03:00:00,TR-03,TR-03-EP-03,1.77,38.9,29.19,116.29,28.57
2026-01-07 03:15:00,TR-03,TR-03-EP-04,2.582,26.77,31.65,161.78,45.13
2026-01-07 03:30:00,TR-03,TR-03-EP-01,2.213,32.22,29.28,127.24,23.24
2026-01-07 03:45:00,TR-03,TR-03-EP-02,2.019,32.77,31.42,142.75,31.79
2026-01-07 04:00:00,TR-03,TR-03-EP-03,1.795,38.01,29.66,119.25,28.65
2026-01-07 04:15:00,TR-03,TR-03-EP-04,1.87,37.32,30.26,114.39,33.33
2026-01-07 04:30:00,TR-03,TR-03-EP-01,1.843,46.02,27.98,113.12,17.97
2026-01-07 04:45:00,TR-03,TR-03-EP-02,1.771,44.66,29.78,113.0,26.33
2026-01-07 05:00:00,TR-03,TR-03-EP-03,1.819,37.17,30.12,122.05,28.73
2026-01-07 05:15:00,TR-03,TR-03-EP-04,1.889,36.79,30.67,116.54,33.39
2026-01-07 05:30:00,TR-03,TR-03-EP-01,1.868,45.03,28.47,116.27,18.05
2026-01-07 05:45:00,TR-03,TR-03-EP-02,1.796,43.69,30.25,116.04,26.41
2026-01-07 06:00:00,TR-03,TR-03-EP-03,1.84,36.4,30.55,124.63,28.8
2026-01-07 06:15:00,TR-03,TR-03-EP-04,1.905,36.36,31.04,118.38,33.44
2026-01-07 06:30:00,TR-03,TR-03-EP-01,1.892,44.03,28.95,119.4,18.13
2026-01-07 06:45:00,TR-04,TR-04-EP-01,1.692,36.3,31.3,136.19,18.92
2026-01-07 07:00:00,TR-04,TR-04-EP-02,1.854,39.3,31.2,120.35,28.06
2026-01-07 07:15:00,TR-04,TR-04-EP-03,1.799,39.28,31.54,125.35,29.79
2026-01-07 07:30:00,TR-04,TR-04-EP-04,1.906,41.05,31.57,122.43,31.72
2026-01-07 07:45:00,TR-04,TR-04-EP-01,1.695,36.45,31.55,136.67,18.93
2026-01-07 08:00:00,TR-04,TR-04-EP-02,1.851,39.85,31.37,119.9,28.05
2026-01-07 08:15:00,TR-04,TR-04-EP-03,1.79,40.13,31.61,124.13,29.76
2026-01-07 08:30:00,TR-04,TR-04-EP-04,1.892,42.04,31.55,120.69,31.68
2026-01-07 08:45:00,TR-04,TR-04-EP-01,1.696,36.72,31.73,136.77,18.94
2026-01-07 09:00:00,TR-04,TR-04-EP-02,1.845,40.5,31.47,119.1,28.03
2026-01-07 09:15:00,TR-04,TR-04-EP-03,1.778,41.03,31.62,122.62,29.72
2026-01-07 09:30:00,TR-04,TR-04-EP-04,1.876,43.04,31.47,118.76,31.63
2026-01-07 09:45:00,TR-04,TR-04-EP-01,1.694,37.11,31.86,136.49,18.93
2026-01-07 10:00:00,TR-04,TR-04-EP-02,1.836,41.24,31.5,117.96,28.0
2026-01-07 10:15:00,TR-04,TR-04-EP-03,1.764,41.99,31.57,120.84,29.67
2026-01-07 10:30:00,TR-04,TR-04-EP-04,1.859,44.04,31.33,116.65,31.57
2026-01-07 10:45:00,TR-04,TR-04-EP-01,1.689,37.61,31.93,135.84,18.91
2026-01-07 11:00:00,TR-04,TR-04-EP-02,1.826,42.05,31.48,116.5,27.97
2026-01-07 11:15:00,TR-04,TR-04-EP-03,1.748,42.97,31.46,118.83,29.62
2026-01-07 11:30:00,TR-04,TR-04-EP-04,1.841,45.01,31.13,114.4,31.51
2026-01-07 11:45:00,TR-04,TR-04-EP-01,1.682,38.22,31.93,134.82,18.89
2026-01-07 12:00:00,TR-04,TR-04-EP-02,1.812,42.94,31.39,114.74,27.93
2026-01-07 12:15:00,TR-04,TR-04-EP-03,1.731,43.97,31.28,116.61,29.57
2026-01-07 12:30:00,TR-04,TR-04-EP-04,1.822,45.94,30.88,112.05,31.45
2026-01-07 12:45:00,TR-04,TR-04-EP-01,1.672,38.92,31.87,133.45,18.86
2026-01-07 13:00:00,TR-04,TR-04-EP-02,1.797,43.87,31.25,112.71,27.88
2026-01-07 13:15:00,TR-04,TR-04-EP-03,1.712,44.97,31.05,114.22,29.51
2026-01-07 13:30:00,TR-04,TR-04-EP-04,1.803,46.81,30.57,109.64,31.39
2026-01-07 13:45:00,TR-04,TR-04-EP-01,1.66,39.7,31.75,131.76,18.82
2026-01-07 14:00:00,TR-04,TR-04-EP-02,1.78,44.84,31.04,110.44,27.82
2026-01-07 14:15:00,TR-04,TR-04-EP-03,1.693,45.95,30.77,111.7,29.45
2026-01-07 14:30:00,TR-04,TR-04-EP-04,1.783,47.63,30.22,107.2,31.33
2026-01-07 14:45:00,TR-04,TR-04-EP-01,1.646,40.55,31.57,129.77,18.77
2026-01-07 15:00:00,TR-04,TR-04-EP-02,1.762,45.83,30.78,107.97,27.76
2026-01-07 15:15:00,TR-04,TR-04-EP-03,1.672,46.9,30.44,109.09,29.38
2026-01-07 15:30:00,TR-04,TR-04-EP-04,1.763,48.36,29.82,104.77,31.27
2026-01-07 15:45:00,TR-04,TR-04-EP-01,1.629,41.47,31.34,127.51,18.72
2026-01-07 16:00:00,TR-04,TR-04-EP-02,1.742,46.83,30.47,105.34,27.7
2026-01-07 16:15:00,TR-04,TR-04-EP-03,1.652,47.8,30.06,106.42,29.31
2026-01-07 16:30:00,TR-04,TR-04-EP-04,1.744,49.0,29.39,102.39,31.2
2026-01-07 16:45:00,TR-04,TR-04-EP-01,1.611,42.42,31.05,125.02,18.66
2026-01-07 17:00:00,TR-04,TR-04-EP-02,1.721,47.82,30.11,102.58,27.64
2026-01-07 17:15:00,TR-04,TR-04-EP-03,1.631,48.64,29.64,103.74,29.25
2026-01-07 17:30:00,TR-04,TR-04-EP-04,1.726,49.54,28.94,100.09,31.14
2026-01-07 17:45:00,TR-04,TR-04-EP-01,1.592,43.41,30.71,122.33,18.6
2026-01-07 18:00:00,TR-04,TR-04-EP-02,1.7,48.79,29.71,99.74,27.57
2026-01-07 18:15:00,TR-04,TR-04-EP-03,1.61,49.41,29.2,101.1,29.18
2026-01-07 18:30:00,TR-04,TR-04-EP-04,1.708,49.97,28.46,97.92,31.09
2026-01-07 18:45:00,TR-04,TR-04-EP-01,1.571,44.41,30.33,119.49,18.54
2026-01-07 19:00:00,TR-04,TR-04-EP-02,1.678,49.72,29.28,96.87,27.5
2026-01-07 19:15:00,TR-04,TR-04-EP-03,1.59,50.1,28.73,98.52,29.12
2026-01-07 19:30:00,TR-04,TR-04-EP-04,1.692,50.29,27.96,95.9,31.04
2026-01-07 19:45:00,TR-04,TR-04-EP-01,1.55,45.4,29.91,116.54,18.47
2026-01-07 20:00:00,TR-04,TR-04-EP-02,1.657,50.59,28.82,94.0,27.43
2026-01-07 20:15:00,TR-04,TR-04-EP-03,1.571,50.68,28.24,96.06,29.06
2026-01-07 20:30:00,TR-04,TR-04-EP-04,1.677,50.49,27.46,94.07,30.99
2026-01-07 20:45:00,TR-04,TR-04-EP-01,1.528,46.38,29.46,113.53,18.4
2026-01-07 21:00:00,TR-04,TR-04-EP-02,1.636,51.39,28.34,91.19,27.36
2026-01-07 21:15:00,TR-04,TR-04-EP-03,1.553,51.17,27.74,93.74,29.0
2026-01-07 21:30:00,TR-04,TR-04-EP-04,1.664,50.56,26.97,92.45,30.95
2026-01-07 21:45:00,TR-04,TR-04-EP-01,1.506,47.33,28.99,110.5,18.33
2026-01-07 22:00:00,TR-04,TR-04-EP-02,1.615,52.12,27.84,88.48,27.3
2026-01-07 22:15:00,TR-04,TR-04-EP-03,1.536,51.54,27.24,91.62,28.95
2026-01-07 22:30:00,TR-04,TR-04-EP-04,1.653,50.51,26.48,91.08,30.91
2026-01-07 22:45:00,TR-04,TR-04-EP-01,1.485,48.23,28.5,107.51,18.31
2026-01-07 23:00:00,TR-04,TR-04-EP-02,1.596,52.75,27.34,85.91,27.23
2026-01-07 23:15:00,TR-04,TR-04-EP-03,1.521,51.79,26.75,89.71,28.9
2026-01-07 23:30:00,TR-04,TR-04-EP-04,1.644,50.33,26.01,89.96,30.88
2026-01-07 23:45:00,TR-04,TR-04-EP-01,1.464,49.06,28.0,104.59,18.31
2026-01-08 00:00:00,TR-04,TR-04-EP-02,1.578,53.28,26.85,83.51,27.18
2026-01-08 00:15:00,TR-04,TR-04-EP-03,1.509,51.91,26.27,88.05,28.86
2026-01-08 00:30:00,TR-04,TR-04-EP-04,1.637,50.03,25.56,89.13,30.86
2026-01-08 00:45:00,TR-04,TR-04-EP-01,1.443,49.82,27.5,101.8,18.31
2026-01-08 01:00:00,TR-04,TR-04-EP-02,1.562,53.7,26.36,81.34,27.12
2026-01-08 01:15:00,TR-04,TR-04-EP-03,1.498,51.92,25.81,86.67,28.83
2026-01-08 01:30:00,TR-04,TR-04-EP-04,1.633,49.62,25.14,88.59,30.85
2026-01-08 01:45:00,TR-04,TR-04-EP-01,1.424,50.5,27.01,99.17,18.31
2026-01-08 02:00:00,TR-04,TR-04-EP-02,1.547,54.0,25.89,79.41,27.08
2026-01-08 02:15:00,TR-04,TR-04-EP-03,1.489,51.8,25.38,85.59,28.83
2026-01-08 02:30:00,TR-04,TR-04-EP-04,1.631,49.09,24.77,88.35,30.84
2026-01-08 02:45:00,TR-04,TR-04-EP-01,1.407,51.08,26.53,96.76,18.31
2026-01-08 03:00:00,TR-04,TR-04-EP-02,1.535,54.19,25.45,77.77,27.04
2026-01-08 03:15:00,TR-04,TR-04-EP-03,1.483,51.55,24.98,84.82,28.83
2026-01-08 03:30:00,TR-04,TR-04-EP-04,1.631,48.46,24.43,88.42,30.84
2026-01-08 03:45:00,TR-04,TR-04-EP-01,1.391,51.55,26.08,94.59,18.31
2026-01-08 04:00:00,TR-04,TR-04-EP-02,1.525,54.25,25.03,76.43,27.01
2026-01-08 04:15:00,TR-04,TR-04-EP-03,1.48,51.19,24.63,84.37,28.83
2026-01-08 04:30:00,TR-04,TR-04-EP-04,1.634,47.74,24.15,88.79,30.85
2026-01-08 04:45:00,TR-04,TR-04-EP-01,1.378,51.9,25.65,92.7,18.31
2026-01-08 05:00:00,TR-04,TR-04-EP-02,1.517,54.18,24.66,75.42,26.98
2026-01-08 05:15:00,TR-04,TR-04-EP-03,1.479,50.71,24.32,84.26,28.83
2026-01-08 05:30:00,TR-04,TR-04-EP-04,1.64,46.94,23.92,89.45,30.87
2026-01-08 05:45:00,TR-04,TR-04-EP-01,1.366,52.14,25.26,91.12,18.31
2026-01-08 06:00:00,TR-04,TR-04-EP-02,1.512,53.99,24.33,74.76,26.97
2026-01-08 06:15:00,TR-04,TR-04-EP-03,1.481,50.13,24.07,84.49,28.83
2026-01-08 06:30:00,TR-04,TR-04-EP-04,1.647,46.08,23.74,90.41,30.89
2026-01-08 06:45:00,TR-04,TR-04-EP-01,1.357,52.26,24.91,89.88,18.31
2026-01-08 07:00:00,TR-04,TR-04-EP-02,1.51,53.68,24.05,74.45,26.96
2026-01-08 07:15:00,TR-04,TR-04-EP-03,1.485,49.45,23.87,85.04,28.83
2026-01-08 07:30:00,TR-04,TR-04-EP-04,1.657,45.15,23.63,91.64,30.93
2026-01-08 07:45:00,TR-04,TR-04-EP-01,1.351,52.25,24.61,88.99,18.31
2026-01-08 08:00:00,TR-04,TR-04-EP-02,1.51,53.25,23.83,74.5,26.96
2026-01-08 08:15:00,TR-04,TR-04-EP-03,1.492,48.69,23.73,85.92,28.83
2026-01-08 08:30:00,TR-04,TR-04-EP-04,1.669,44.19,23.58,93.12,30.96
2026-01-08 08:45:00,TR-04,TR-04-EP-01,1.347,52.11,24.36,88.47,18.31
2026-01-08 09:00:00,TR-04,TR-04-EP-02,1.513,52.72,23.66,74.91,26.97
2026-01-08 09:15:00,TR-04,TR-04-EP-03,1.501,47.85,23.65,87.11,28.83
2026-01-08 09:30:00,TR-04,TR-04-EP-04,1.683,43.2,23.59,94.83,31.01
2026-01-08 09:45:00,TR-04,TR-04-EP-01,1.346,51.86,24.16,88.32,18.31
2026-01-08 10:00:00,TR-04,TR-04-EP-02,1.519,52.08,23.55,75.66,26.99
2026-01-08 10:15:00,TR-04,TR-04-EP-03,1.513,46.95,23.63,88.58,28.87
2026-01-08 10:30:00,TR-04,TR-04-EP-04,1.699,42.2,23.66,96.75,31.06
2026-01-08 10:45:00,TR-04,TR-04-EP-01,1.348,51.48,24.03,88.55,18.31
2026-01-08 11:00:00,TR-04,TR-04-EP-02,1.527,51.35,23.51,76.76,27.01
2026-01-08 11:15:00,TR-04,TR-04-EP-03,1.526,46.0,23.67,90.33,28.91
2026-01-08 11:30:00,TR-04,TR-04-EP-04,1.715,41.21,23.79,98.84,31.11
2026-01-08 11:45:00,TR-04,TR-04-EP-01,1.352,51.0,23.95,89.16,18.31
2026-01-08 12:00:00,TR-04,TR-04-EP-02,1.538,50.55,23.52,78.19,27.05
2026-01-08 12:15:00,TR-04,TR-04-EP-03,1.542,45.02,23.78,92.31,28.96
2026-01-08 12:30:00,TR-04,TR-04-EP-04,1.733,40.23,23.99,101.07,31.17
2026-01-08 12:45:00,TR-04,TR-04-EP-01,1.359,50.4,23.94,90.13,18.31
2026-01-08 13:00:00,TR-04,TR-04-EP-02,1.551,49.67,23.6,79.91,27.09
2026-01-08 13:15:00,TR-04,TR-04-EP-03,1.559,44.02,23.94,94.5,29.02
2026-01-08 13:30:00,TR-04,TR-04-EP-04,1.752,39.3,24.23,103.4,31.23
2026-01-08 13:45:00,TR-04,TR-04-EP-01,1.369,49.71,23.99,91.45,18.31
2026-01-08 14:00:00,TR-04,TR-04-EP-02,1.566,48.74,23.74,81.9,27.14
2026-01-08 14:15:00,TR-04,TR-04-EP-03,1.577,43.02,24.17,96.87,29.08
2026-01-08 14:30:00,TR-04,TR-04-EP-04,1.772,38.41,24.53,105.81,31.29
2026-01-08 14:45:00,TR-04,TR-04-EP-01,1.381,48.94,24.1,93.1,18.31
2026-01-08 15:00:00,TR-04,TR-04-EP-02,1.583,47.78,23.94,84.14,27.19
2026-01-08 15:15:00,TR-04,TR-04-EP-03,1.597,42.04,24.45,99.38,29.14
2026-01-08 15:30:00,TR-04,TR-04-EP-04,1.791,37.59,24.88,108.25,31.36
2026-01-08 15:45:00,TR-04,TR-04-EP-01,1.395,48.09,24.28,95.06,18.31
2026-01-08 16:00:00,TR-04,TR-04-EP-02,1.601,46.78,24.19,86.59,27.25
2026-01-08 16:15:00,TR-04,TR-04-EP-03,1.617,41.08,24.77,101.98,29.2
2026-01-08 16:30:00,TR-04,TR-04-EP-04,1.811,36.85,25.27,110.68,31.42
2026-01-08 16:45:00,TR-04,TR-04-EP-01,1.411,47.19,24.5,97.29,18.31
2026-01-08 17:00:00,TR-04,TR-04-EP-02,1.621,45.78,24.5,89.21,27.31
2026-01-08 17:15:00,TR-04,TR-04-EP-03,1.638,40.17,25.14,104.64,29.27
2026-01-08 17:30:00,TR-04,TR-04-EP-04,1.83,36.19,25.7,113.07,31.48
2026-01-08 17:45:00,TR-04,TR-04-EP-01,1.429,46.24,24.79,99.75,18.31
2026-01-08 18:00:00,TR-04,TR-04-EP-02,1.641,44.79,24.85,91.95,27.38
2026-01-08 18:15:00,TR-04,TR-04-EP-03,1.659,39.32,25.56,107.32,29.34
2026-01-08 18:30:00,TR-04,TR-04-EP-04,1.849,35.64,26.15,115.38,31.54
2026-01-08 18:45:00,TR-04,TR-04-EP-01,1.448,45.25,25.12,102.42,18.31
2026-01-08 19:00:00,TR-04,TR-04-EP-02,1.662,43.82,25.24,94.78,27.45
2026-01-08 19:15:00,TR-04,TR-04-EP-03,1.679,38.54,26.0,109.98,29.4
2026-01-08 19:30:00,TR-04,TR-04-EP-04,1.867,35.19,26.63,117.57,31.6
2026-01-08 19:45:00,TR-04,TR-04-EP-01,1.468,44.26,25.5,105.24,18.31
2026-01-08 20:00:00,TR-04,TR-04-EP-02,1.684,42.89,25.67,97.65,27.52
2026-01-08 20:15:00,TR-04,TR-04-EP-03,1.7,37.85,26.47,112.56,29.47
2026-01-08 20:30:00,TR-04,TR-04-EP-04,1.883,34.86,27.12,119.61,31.65
2026-01-08 20:45:00,TR-04,TR-04-EP-01,1.49,43.26,25.91,108.18,18.31
2026-01-08 21:00:00,TR-04,TR-04-EP-02,2.287,32.09,28.18,132.78,37.79
2026-01-08 21:15:00,TR-04,TR-04-EP-03,2.228,27.38,29.64,154.65,40.65
2026-01-08 21:30:00,TR-04,TR-04-EP-04,2.331,25.48,29.32,164.97,40.57
2026-01-08 21:45:00,TR-04,TR-04-EP-01,1.511,42.28,26.36,111.19,18.34
2026-01-08 22:00:00,TR-04,TR-04-EP-02,1.727,41.2,26.61,103.34,27.65
2026-01-08 22:15:00,TR-04,TR-04-EP-03,1.737,36.75,27.45,117.38,29.59
2026-01-08 22:30:00,TR-04,TR-04-EP-04,1.911,34.56,28.12,123.11,31.74
2026-01-08 22:45:00,TR-04,TR-04-EP-01,1.533,41.33,26.83,114.22,18.41
2026-01-08 23:00:00,TR-04,TR-04-EP-02,1.747,40.46,27.1,106.07,27.72
2026-01-08 23:15:00,TR-04,TR-04-EP-03,1.754,36.37,27.95,119.53,29.64
2026-01-08 23:30:00,TR-04,TR-04-EP-04,1.923,34.6,28.61,124.52,31.78
2026-01-08 23:45:00,TR-04,TR-04-EP-01,1.555,40.42,27.31,117.22,18.48
2026-01-09 00:00:00,TR-04,TR-04-EP-02,1.767,39.82,27.6,108.66,27.78
2026-01-09 00:15:00,TR-04,TR-04-EP-03,1.769,36.1,28.44,121.47,29.69
2026-01-09 00:30:00,TR-04,TR-04-EP-04,1.932,34.76,29.08,125.67,31.81
2026-01-09 00:45:00,TR-04,TR-04-EP-01,1.576,39.58,27.81,120.15,18.55
2026-01-09 01:00:00,TR-04,TR-04-EP-02,1.785,39.27,28.1,111.08,27.84
2026-01-09 01:15:00,TR-04,TR-04-EP-03,2.31,26.1,31.61,165.55,40.93
2026-01-09 01:30:00,TR-04,TR-04-EP-04,2.381,25.87,31.24,171.85,40.73
2026-01-09 01:45:00,TR-04,TR-04-EP-01,2.231,25.48,30.47,146.27,26.62
2026-01-09 02:00:00,TR-04,TR-04-EP-02,1.801,38.84,28.59,113.29,27.89
2026-01-09 02:15:00,TR-04,TR-04-EP-03,1.793,35.94,29.39,124.57,29.77
2026-01-09 02:30:00,TR-04,TR-04-EP-04,1.944,35.44,29.95,127.11,31.84
2026-01-09 02:45:00,TR-04,TR-04-EP-01,1.615,38.12,28.8,125.6,18.68
2026-01-09 03:00:00,TR-04,TR-04-EP-02,1.816,38.52,29.06,115.25,27.94
2026-01-09 03:15:00,TR-04,TR-04-EP-03,1.802,36.05,29.82,125.69,29.79
2026-01-09 03:30:00,TR-04,TR-04-EP-04,1.946,35.96,30.34,127.39,31.85
2026-01-09 03:45:00,TR-04,TR-04-EP-01,1.633,37.53,29.28,128.05,18.73
2026-01-09 04:00:00,TR-04,TR-04-EP-02,1.829,38.32,29.51,116.92,27.98
2026-01-09 04:15:00,TR-04,TR-04-EP-03,1.808,36.27,30.22,126.5,29.81
2026-01-09 04:30:00,TR-04,TR-04-EP-04,1.946,36.57,30.68,127.36,31.85
2026-01-09 04:45:00,TR-04,TR-04-EP-01,1.649,37.04,29.74,130.25,18.78
2026-01-09 05:00:00,TR-04,TR-04-EP-02,1.839,38.25,29.92,118.3,28.01
2026-01-09 05:15:00,TR-04,TR-04-EP-03,1.812,36.62,30.58,126.99,29.83
2026-01-09 05:30:00,TR-04,TR-04-EP-04,2.386,28.11,32.67,172.53,40.75
2026-01-09 05:45:00,TR-04,TR-04-EP-01,2.324,23.35,32.33,157.23,26.93
2026-01-09 06:00:00,TR-04,TR-04-EP-02,2.477,28.38,32.35,157.66,38.41
2026-01-09 06:15:00,TR-04,TR-04-EP-03,1.813,37.09,30.89,127.14,29.83
2026-01-09 06:30:00,TR-04,TR-04-EP-04,1.938,38.07,31.2,126.4,31.82
2026-01-09 06:45:00,TR-04,TR-04-EP-01,1.675,36.42,30.57,133.79,18.87
2026-01-09 07:00:00,TR-04,TR-04-EP-02,1.852,38.47,30.64,120.06,28.05
2026-01-09 07:15:00,TR-04,TR-04-EP-03,1.812,37.66,31.16,126.96,29.83
2026-01-09 07:30:00,TR-04,TR-04-EP-04,1.931,38.93,31.39,125.48,31.8
2026-01-09 07:45:00,TR-04,TR-04-EP-01,1.684,36.29,30.93,135.08,18.9
2026-01-09 08:00:00,TR-04,TR-04-EP-02,1.855,38.77,30.92,120.41,28.06
2026-01-09 08:15:00,TR-04,TR-04-EP-03,1.808,38.32,31.36,126.45,29.81
2026-01-09 08:30:00,TR-04,TR-04-EP-04,1.921,39.85,31.51,124.28,31.77
2026-01-09 08:45:00,TR-04,TR-04-EP-01,1.691,36.28,31.23,136.02,18.92
2026-01-09 09:00:00,TR-05,TR-05-EP-01,1.85,44.01,32.47,123.82,27.08
2026-01-09 09:15:00,TR-05,TR-05-EP-02,1.666,51.13,30.8,96.1,29.6
2026-01-09 09:30:00,TR-05,TR-05-EP-03,1.765,53.16,32.31,108.01,29.97
2026-01-09 09:45:00,TR-05,TR-05-EP-04,1.722,51.43,31.54,97.39,31.94
2026-01-09 10:00:00,TR-05,TR-05-EP-01,1.836,45.0,32.42,122.01,27.04
2026-01-09 10:15:00,TR-05,TR-05-EP-02,1.652,51.95,30.66,94.3,29.55
2026-01-09 10:30:00,TR-05,TR-05-EP-03,1.753,53.67,32.09,106.49,29.93
2026-01-09 10:45:00,TR-05,TR-05-EP-04,1.713,51.52,31.24,96.33,31.91
2026-01-09 11:00:00,TR-05,TR-05-EP-01,1.821,45.95,32.31,120.07,26.99
2026-01-09 11:15:00,TR-05,TR-05-EP-02,1.637,52.69,30.47,92.46,29.51
2026-01-09 11:30:00,TR-05,TR-05-EP-03,1.741,54.06,31.81,105.0,29.89
2026-01-09 11:45:00,TR-05,TR-05-EP-04,1.705,51.5,30.89,95.35,31.89
2026-01-09 12:00:00,TR-05,TR-05-EP-01,1.806,46.86,32.14,118.02,26.94
2026-01-09 12:15:00,TR-05,TR-05-EP-02,1.623,53.35,30.22,90.6,29.46
2026-01-09 12:30:00,TR-05,TR-05-EP-03,1.729,54.34,31.49,103.57,29.85
2026-01-09 12:45:00,TR-05,TR-05-EP-04,1.697,51.35,30.51,94.44,31.86
2026-01-09 13:00:00,TR-05,TR-05-EP-01,1.79,47.71,31.92,115.9,26.89
2026-01-09 13:15:00,TR-05,TR-05-EP-02,1.608,53.9,29.92,88.76,29.41
2026-01-09 13:30:00,TR-05,TR-05-EP-03,1.718,54.49,31.12,102.2,29.81
2026-01-09 13:45:00,TR-05,TR-05-EP-04,1.69,51.07,30.08,93.64,31.84
2026-01-09 14:00:00,TR-05,TR-05-EP-01,1.773,48.49,31.64,113.74,26.84
2026-01-09 14:15:00,TR-05,TR-05-EP-02,1.594,54.34,29.57,86.96,29.37
2026-01-09 14:30:00,TR-05,TR-05-EP-03,1.707,54.52,30.71,100.93,29.78
2026-01-09 14:45:00,TR-05,TR-05-EP-04,1.684,50.68,29.63,92.94,31.82
2026-01-09 15:00:00,TR-05,TR-05-EP-01,1.757,49.18,31.31,111.58,26.79
2026-01-09 15:15:00,TR-05,TR-05-EP-02,1.58,54.67,29.18,85.22,29.32
2026-01-09 15:30:00,TR-05,TR-05-EP-03,1.698,54.42,30.27,99.77,29.75
2026-01-09 15:45:00,TR-05,TR-05-EP-04,1.68,50.18,29.16,92.37,31.81
2026-01-09 16:00:00,TR-05,TR-05-EP-01,1.741,49.78,30.94,109.44,26.74
2026-01-09 16:15:00,TR-05,TR-05-EP-02,1.568,54.88,28.75,83.59,29.28
2026-01-09 16:30:00,TR-05,TR-05-EP-03,1.69,54.2,29.81,98.74,29.72
2026-01-09 16:45:00,TR-05,TR-05-EP-04,1.676,49.57,28.66,91.93,31.8
2026-01-09 17:00:00,TR-05,TR-05-EP-01,1.725,50.27,30.53,107.37,26.69
2026-01-09 17:15:00,TR-05,TR-05-EP-02,1.556,54.96,28.29,82.08,29.25
2026-01-09 17:30:00,TR-05,TR-05-EP-03,1.683,53.86,29.32,97.86,29.7
2026-01-09 17:45:00,TR-05,TR-05-EP-04,1.673,48.87,28.16,91.63,31.79
2026-01-09 18:00:00,TR-05,TR-05-EP-01,1.71,50.65,30.08,105.39,26.64
2026-01-09 18:15:00,TR-05,TR-05-EP-02,1.545,54.92,27.82,80.71,29.21
2026-01-09 18:30:00,TR-05,TR-05-EP-03,1.677,53.41,28.82,97.14,29.68
2026-01-09 18:45:00,TR-05,TR-05-EP-04,1.672,48.08,27.67,91.46,31.78
2026-01-09 19:00:00,TR-05,TR-05-EP-01,1.696,50.92,29.62,103.54,26.59
2026-01-09 19:15:00,TR-05,TR-05-EP-02,1.536,54.76,27.32,79.52,29.18
2026-01-09 19:30:00,TR-05,TR-05-EP-03,1.672,52.85,28.32,96.6,29.67
2026-01-09 19:45:00,TR-05,TR-05-EP-04,1.672,47.23,27.18,91.45,31.78
2026-01-09 20:00:00,TR-05,TR-05-EP-01,1.683,51.06,29.13,101.84,26.55
2026-01-09 20:15:00,TR-05,TR-05-EP-02,1.528,54.47,26.82,78.5,29.16
2026-01-09 20:30:00,TR-05,TR-05-EP-03,1.669,52.19,27.83,96.24,29.66
2026-01-09 20:45:00,TR-05,TR-05-EP-04,1.673,46.31,26.7,91.57,31.79
2026-01-09 21:00:00,TR-05,TR-05-EP-01,1.672,51.07,28.63,100.32,26.52
2026-01-09 21:15:00,TR-05,TR-05-EP-02,1.521,54.07,26.33,77.69,29.14
2026-01-09 21:30:00,TR-05,TR-05-EP-03,1.668,51.44,27.35,96.06,29.65
2026-01-09 21:45:00,TR-05,TR-05-EP-04,1.675,45.36,26.25,91.84,31.79
2026-01-09 22:00:00,TR-05,TR-05-EP-01,1.662,50.96,28.13,99.01,26.48
2026-01-09 22:15:00,TR-05,TR-05-EP-02,1.517,53.56,25.84,77.1,29.12
2026-01-09 22:30:00,TR-05,TR-05-EP-03,1.668,50.61,26.88,96.07,29.66
2026-01-09 22:45:00,TR-05,TR-05-EP-04,1.679,44.37,25.83,92.25,31.8
2026-01-09 23:00:00,TR-05,TR-05-EP-01,1.654,50.73,27.64,97.92,26.46
2026-01-09 23:15:00,TR-05,TR-05-EP-02,1.514,52.94,25.36,76.73,29.11
2026-01-09 23:30:00,TR-05,TR-05-EP-03,1.67,49.72,26.45,96.27,29.66
2026-01-09 23:45:00,TR-05,TR-05-EP-04,1.683,43.37,25.44,92.79,31.82
2026-01-10 00:00:00,TR-05,TR-05-EP-01,1.647,50.38,27.16,97.07,26.44
2026-01-10 00:15:00,TR-05,TR-05-EP-02,1.513,52.23,24.91,76.59,29.11
2026-01-10 00:30:00,TR-05,TR-05-EP-03,1.673,48.79,26.04,96.66,29.67
2026-01-10 00:45:00,TR-05,TR-05-EP-04,1.689,42.38,25.1,93.46,31.84
2026-01-10 01:00:00,TR-05,TR-05-EP-01,1.643,49.92,26.69,96.48,26.42
2026-01-10 01:15:00,TR-05,TR-05-EP-02,1.513,51.44,24.49,76.68,29.11
2026-01-10 01:30:00,TR-05,TR-05-EP-03,1.677,47.81,25.68,97.23,29.69
2026-01-10 01:45:00,TR-05,TR-05-EP-04,1.695,41.4,24.8,94.24,31.86
2026-01-10 02:00:00,TR-05,TR-05-EP-01,1.64,49.34,26.26,96.15,26.41
2026-01-10 02:15:00,TR-05,TR-05-EP-02,1.516,50.57,24.11,77.0,29.12
2026-01-10 02:30:00,TR-05,TR-05-EP-03,1.683,46.82,25.36,97.97,29.7
2026-01-10 02:45:00,TR-05,TR-05-EP-04,1.703,40.45,24.56,95.12,31.88
2026-01-10 03:00:00,TR-05,TR-05-EP-01,1.64,48.67,25.86,96.09,26.41
2026-01-10 03:15:00,TR-05,TR-05-EP-02,1.52,49.65,23.77,77.55,29.13
2026-01-10 03:30:00,TR-05,TR-05-EP-03,1.691,45.82,25.1,98.87,29.73
2026-01-10 03:45:00,TR-05,TR-05-EP-04,1.711,39.56,24.38,96.09,31.91
2026-01-10 04:00:00,TR-05,TR-05-EP-01,1.641,47.92,25.5,96.3,26.42
2026-01-10 04:15:00,TR-05,TR-05-EP-02,1.526,48.69,23.49,78.31,29.15
2026-01-10 04:30:00,TR-05,TR-05-EP-03,1.699,44.83,24.89,99.92,29.76
2026-01-10 04:45:00,TR-05,TR-05-EP-04,1.72,38.72,24.25,97.13,31.94
2026-01-10 05:00:00,TR-05,TR-05-EP-01,1.645,47.08,25.19,96.78,26.43
2026-01-10 05:15:00,TR-05,TR-05-EP-02,1.534,47.71,23.25,79.28,29.18
2026-01-10 05:30:00,TR-05,TR-05-EP-03,1.709,43.87,24.73,101.09,29.79
2026-01-10 05:45:00,TR-05,TR-05-EP-04,1.729,37.96,24.18,98.22,31.97
2026-01-10 06:00:00,TR-05,TR-05-EP-01,1.651,46.19,24.93,97.52,26.45
2026-01-10 06:15:00,TR-05,TR-05-EP-02,1.543,46.71,23.07,80.44,29.2
2026-01-10 06:30:00,TR-05,TR-05-EP-03,1.719,42.95,24.64,102.38,29.82
2026-01-10 06:45:00,TR-05,TR-05-EP-04,1.738,37.29,24.18,99.36,32.0
2026-01-10 07:00:00,TR-05,TR-05-EP-01,1.658,45.25,24.73,98.51,26.47
2026-01-10 07:15:00,TR-05,TR-05-EP-02,1.553,45.71,22.95,81.77,29.24
2026-01-10 07:30:00,TR-05,TR-05-EP-03,1.731,42.08,24.61,103.76,29.86
2026-01-10 07:45:00,TR-05,TR-05-EP-04,1.748,36.71,24.24,100.52,32.03
2026-01-10 08:00:00,TR-05,TR-05-EP-01,1.667,44.27,24.58,99.73,26.5
2026-01-10 08:15:00,TR-05,TR-05-EP-02,1.565,44.74,22.89,83.26,29.28
2026-01-10 08:30:00,TR-05,TR-05-EP-03,1.742,41.29,24.64,105.2,29.89
2026-01-10 08:45:00,TR-05,TR-05-EP-04,1.758,36.24,24.36,101.68,32.06
2026-01-10 09:00:00,TR-05,TR-05-EP-01,1.678,43.27,24.49,101.16,26.54
2026-01-10 09:15:00,TR-05,TR-05-EP-02,1.578,43.8,22.89,84.87,29.32
2026-01-10 09:30:00,TR-05,TR-05-EP-03,1.754,40.57,24.73,106.7,29.93
2026-01-10 09:45:00,TR-05,TR-05-EP-04,1.767,35.89,24.54,102.82,32.09
2026-01-10 10:00:00,TR-05,TR-05-EP-01,1.691,42.27,24.47,102.79,26.58
2026-01-10 10:15:00,TR-05,TR-05-EP-02,1.591,42.9,22.96,86.58,29.36
2026-01-10 10:30:00,TR-05,TR-05-EP-03,1.767,39.95,24.89,108.22,29.97
2026-01-10 10:45:00,TR-05,TR-05-EP-04,1.777,35.65,24.78,103.94,32.12
2026-01-10 11:00:00,TR-05,TR-05-EP-01,1.704,41.29,24.51,104.58,26.62
2026-01-10 11:15:00,TR-05,TR-05-EP-02,1.605,42.08,23.09,88.37,29.4
2026-01-10 11:30:00,TR-05,TR-05-EP-03,1.779,39.43,25.1,109.73,30.01
2026-01-10 11:45:00,TR-05,TR-05-EP-04,1.786,35.54,25.07,105.0,32.15
2026-01-10 12:00:00,TR-05,TR-05-EP-01,1.719,40.33,24.61,106.51,26.67
2026-01-10 12:15:00,TR-05,TR-05-EP-02,1.619,41.32,23.27,90.2,29.45
2026-01-10 12:30:00,TR-05,TR-05-EP-03,1.791,39.03,25.37,111.23,30.05
2026-01-10 12:45:00,TR-05,TR-05-EP-04,1.794,35.55,25.41,106.0,32.17
2026-01-10 13:00:00,TR-05,TR-05-EP-01,1.734,39.41,24.77,108.54,26.71
2026-01-10 13:15:00,TR-05,TR-05-EP-02,1.634,40.66,23.52,92.06,29.5
2026-01-10 13:30:00,TR-05,TR-05-EP-03,1.803,38.74,25.69,112.67,30.09
2026-01-10 13:45:00,TR-05,TR-05-EP-04,1.802,35.69,25.79,106.91,32.2
2026-01-10 14:00:00,TR-05,TR-05-EP-01,1.75,38.56,24.98,110.65,26.77
2026-01-10 14:15:00,TR-05,TR-05-EP-02,1.649,40.1,23.81,93.91,29.54
2026-01-10 14:30:00,TR-05,TR-05-EP-03,1.814,38.57,26.05,114.05,30.12
2026-01-10 14:45:00,TR-05,TR-05-EP-04,1.809,35.95,26.21,107.73,32.22
2026-01-10 15:00:00,TR-05,TR-05-EP-01,1.766,37.77,25.26,112.81,26.82
2026-01-10 15:15:00,TR-05,TR-05-EP-02,1.663,39.64,24.16,95.72,29.59
2026-01-10 15:30:00,TR-05,TR-05-EP-03,1.825,38.52,26.45,115.33,30.16
2026-01-10 15:45:00,TR-05,TR-05-EP-04,1.815,36.32,26.66,108.44,32.24
2026-01-10 16:00:00,TR-05,TR-05-EP-01,1.783,37.06,25.58,114.97,26.87
2026-01-10 16:15:00,TR-05,TR-05-EP-02,1.676,39.29,24.54,97.46,29.63
2026-01-10 16:30:00,TR-05,TR-05-EP-03,1.834,38.61,26.89,116.51,30.19
2026-01-10 16:45:00,TR-05,TR-05-EP-04,1.82,36.81,27.13,109.03,32.26
2026-01-10 17:00:00,TR-05,TR-05-EP-01,1.799,36.45,25.95,117.12,26.92
2026-01-10 17:15:00,TR-05,TR-05-EP-02,1.689,39.07,24.96,99.11,29.67
2026-01-10 17:30:00,TR-05,TR-05-EP-03,1.843,38.81,27.35,117.55,30.21
2026-01-10 17:45:00,TR-05,TR-05-EP-04,1.824,37.41,27.62,109.49,32.27
2026-01-10 18:00:00,TR-05,TR-05-EP-01,1.815,35.95,26.35,119.2,26.97
2026-01-10 18:15:00,TR-05,TR-05-EP-02,1.701,38.97,25.42,100.64,29.71
2026-01-10 18:30:00,TR-05,TR-05-EP-03,1.85,39.13,27.84,118.45,30.24
2026-01-10 18:45:00,TR-05,TR-05-EP-04,1.826,38.1,28.12,109.81,32.28
2026-01-10 19:00:00,TR-05,TR-05-EP-01,1.83,35.55,26.79,121.19,27.02
2026-01-10 19:15:00,TR-05,TR-05-EP-02,1.712,39.0,25.89,102.02,29.75
2026-01-10 19:30:00,TR-05,TR-05-EP-03,1.856,39.57,28.33,119.19,30.26
2026-01-10 19:45:00,TR-05,TR-05-EP-04,1.828,38.87,28.62,109.99,32.28
2026-01-10 20:00:00,TR-05,TR-05-EP-01,1.844,35.27,27.26,123.06,27.07
2026-01-10 20:15:00,TR-05,TR-05-EP-02,1.722,39.14,26.38,103.24,29.78
2026-01-10 20:30:00,TR-05,TR-05-EP-03,1.861,40.12,28.83,119.76,30.27
2026-01-10 20:45:00,TR-05,TR-05-EP-04,1.828,39.72,29.11,110.02,32.28
2026-01-10 21:00:00,TR-05,TR-05-EP-01,1.857,35.12,27.74,124.78,27.11
2026-01-10 21:15:00,TR-05,TR-05-EP-02,1.73,39.42,26.88,104.28,29.8
2026-01-10 21:30:00,TR-05,TR-05-EP-03,1.864,40.77,29.33,120.14,30.28
2026-01-10 21:45:00,TR-05,TR-05-EP-04,1.827,40.63,29.59,109.91,32.28
2026-01-10 22:00:00,TR-05,TR-05-EP-01,1.869,35.09,28.24,126.32,27.14
2026-01-10 22:15:00,TR-05,TR-05-EP-02,1.736,39.8,27.38,105.11,29.82
2026-01-10 22:30:00,TR-05,TR-05-EP-03,1.865,41.51,29.81,120.34,30.29
2026-01-10 22:45:00,TR-05,TR-05-EP-04,1.825,41.58,30.05,109.66,32.27
2026-01-10 23:00:00,TR-05,TR-05-EP-01,1.879,35.18,28.74,127.67,27.18
2026-01-10 23:15:00,TR-05,TR-05-EP-02,2.14,28.97,30.1,136.52,36.12
2026-01-10 23:30:00,TR-05,TR-05-EP-03,2.371,28.91,31.86,160.04,42.72
2026-01-10 23:45:00,TR-05,TR-05-EP-04,2.326,28.92,32.01,128.96,43.68
2026-01-11 00:00:00,TR-05,TR-05-EP-01,1.887,35.4,29.24,128.78,27.2
2026-01-11 00:15:00,TR-05,TR-05-EP-02,1.744,40.91,28.35,106.13,29.85
2026-01-11 00:30:00,TR-05,TR-05-EP-03,1.864,43.21,30.72,120.18,30.28
2026-01-11 00:45:00,TR-05,TR-05-EP-04,1.817,43.56,30.86,108.74,32.25
2026-01-11 01:00:00,TR-05,TR-05-EP-01,1.894,35.73,29.72,129.66,27.23
2026-01-11 01:15:00,TR-05,TR-05-EP-02,1.746,41.61,28.8,106.3,29.85
2026-01-11 01:30:00,TR-05,TR-05-EP-03,1.861,44.14,31.13,119.81,30.27
2026-01-11 01:45:00,TR-05,TR-05-EP-04,1.812,44.56,31.21,108.09,32.23
2026-01-11 02:00:00,TR-05,TR-05-EP-01,1.899,36.18,30.18,130.29,27.24
2026-01-11 02:15:00,TR-05,TR-05-EP-02,1.745,42.39,29.22,106.24,29.85
2026-01-11 02:30:00,TR-05,TR-05-EP-03,1.857,45.11,31.49,119.26,30.26
2026-01-11 02:45:00,TR-05,TR-05-EP-04,1.805,45.54,31.51,107.33,32.21
2026-01-11 03:00:00,TR-05,TR-05-EP-01,1.901,36.74,30.62,130.65,27.25
2026-01-11 03:15:00,TR-05,TR-05-EP-02,1.743,43.25,29.61,105.95,29.85
2026-01-11 03:30:00,TR-05,TR-05-EP-03,2.353,32.69,33.4,157.64,42.65
2026-01-11 03:45:00,TR-05,TR-05-EP-04,2.295,32.85,33.3,125.64,43.58
2026-01-11 04:00:00,TR-05,TR-05-EP-01,2.52,25.53,33.9,173.02,39.26
2026-01-11 04:15:00,TR-05,TR-05-EP-02,1.739,44.16,29.95,105.43,29.83
2026-01-11 04:30:00,TR-05,TR-05-EP-03,1.844,47.11,32.09,117.66,30.22
2026-01-11 04:45:00,TR-05,TR-05-EP-04,1.79,47.39,31.95,105.5,32.16
2026-01-11 05:00:00,TR-05,TR-05-EP-01,1.901,38.15,31.39,130.56,27.25
2026-01-11 05:15:00,TR-05,TR-05-EP-02,1.733,45.11,30.25,104.69,29.81
2026-01-11 05:30:00,TR-05,TR-05-EP-03,1.835,48.1,32.31,116.63,30.19
2026-01-11 05:45:00,TR-05,TR-05-EP-04,1.781,48.24,32.09,104.47,32.13
2026-01-11 06:00:00,TR-05,TR-05-EP-01,1.897,38.97,31.71,130.12,27.24
2026-01-11 06:15:00,TR-05,TR-05-EP-02,1.726,46.1,30.49,103.74,29.79
2026-01-11 06:30:00,TR-05,TR-05-EP-03,1.826,49.06,32.47,115.47,30.16
2026-01-11 06:45:00,TR-05,TR-05-EP-04,1.772,49.01,32.16,103.38,32.1
2026-01-11 07:00:00,TR-05,TR-05-EP-01,1.892,39.86,31.97,129.41,27.22
2026-01-11 07:15:00,TR-05,TR-05-EP-02,1.717,47.1,30.68,102.61,29.76
2026-01-11 07:30:00,TR-05,TR-05-EP-03,1.815,49.99,32.57,114.2,30.13
2026-01-11 07:45:00,TR-05,TR-05-EP-04,2.25,36.05,33.71,120.67,43.43
2026-01-11 08:00:00,TR-05,TR-05-EP-01,2.497,28.92,35.06,169.99,39.18
2026-01-11 08:15:00,TR-05,TR-05-EP-02,2.097,36.76,33.03,130.79,35.99
2026-01-11 08:30:00,TR-05,TR-05-EP-03,1.804,50.86,32.61,112.83,30.09
2026-01-11 08:45:00,TR-05,TR-05-EP-04,1.753,50.28,32.12,101.09,32.04
2026-01-11 09:00:00,TR-05,TR-05-EP-01,1.876,41.77,32.34,127.26,27.17
2026-01-11 09:15:00,TR-05,TR-05-EP-02,1.695,49.07,30.87,99.83,29.69
2026-01-11 09:30:00,TR-05,TR-05-EP-03,1.793,51.66,32.58,111.39,30.05
2026-01-11 09:45:00,TR-05,TR-05-EP-04,1.743,50.76,32.01,99.93,32.01
2026-01-11 10:00:00,TR-05,TR-05-EP-01,1.865,42.77,32.43,125.85,27.13
2026-01-11 10:15:00,TR-05,TR-05-EP-02,1.683,50.02,30.88,98.24,29.65
2026-01-11 10:30:00,TR-05,TR-05-EP-03,1.78,52.39,32.5,109.9,30.02
2026-01-11 10:45:00,TR-05,TR-05-EP-04,1.733,51.13,31.83,98.78,31.98
2026-01-11 11:00:00,TR-05,TR-05-EP-01,1.853,43.77,32.47,124.25,27.09
2026-01-11 11:15:00,TR-06,TR-06-EP-01,1.516,55.38,31.07,88.94,24.84
2026-01-11 11:30:00,TR-06,TR-06-EP-02,1.56,54.12,31.48,88.57,27.82
2026-01-11 11:45:00,TR-06,TR-06-EP-03,1.759,49.26,29.73,108.49,32.08
2026-01-11 12:00:00,TR-06,TR-06-EP-04,1.704,48.92,29.77,104.19,33.38
2026-01-11 12:15:00,TR-06,TR-06-EP-01,1.511,55.18,30.75,88.34,24.83
2026-01-11 12:30:00,TR-06,TR-06-EP-02,1.559,53.52,31.1,88.44,27.82
2026-01-11 12:45:00,TR-06,TR-06-EP-03,1.761,48.38,29.29,108.68,32.09
2026-01-11 13:00:00,TR-06,TR-06-EP-04,1.707,47.92,29.3,104.47,33.39
2026-01-11 13:15:00,TR-06,TR-06-EP-01,1.507,54.85,30.38,87.8,24.81
2026-01-11 13:30:00,TR-06,TR-06-EP-02,1.558,52.83,30.68,88.35,27.82
2026-01-11 13:45:00,TR-06,TR-06-EP-03,1.763,47.45,28.83,108.87,32.09
2026-01-11 14:00:00,TR-06,TR-06-EP-04,1.709,46.93,28.81,104.7,33.4
2026-01-11 14:15:00,TR-06,TR-06-EP-01,1.503,54.41,29.98,87.34,24.8
2026-01-11 14:30:00,TR-06,TR-06-EP-02,1.558,52.05,30.23,88.32,27.82
2026-01-11 14:45:00,TR-06,TR-06-EP-03,1.764,46.49,28.35,109.07,32.1
2026-01-11 15:00:00,TR-06,TR-06-EP-04,1.71,45.94,28.31,104.88,33.4
2026-01-11 15:15:00,TR-06,TR-06-EP-01,1.5,53.86,29.54,86.96,24.79
2026-01-11 15:30:00,TR-06,TR-06-EP-02,1.558,51.2,29.76,88.34,27.82
2026-01-11 15:45:00,TR-06,TR-06-EP-03,1.766,45.49,27.85,109.27,32.1
2026-01-11 16:00:00,TR-06,TR-06-EP-04,1.711,44.99,27.81,105.0,33.4
2026-01-11 16:15:00,TR-06,TR-06-EP-01,1.498,53.2,29.08,86.67,24.79
2026-01-11 16:30:00,TR-06,TR-06-EP-02,1.559,50.29,29.27,88.42,27.82
2026-01-11 16:45:00,TR-06,TR-06-EP-03,1.768,44.49,27.35,109.47,32.11
2026-01-11 17:00:00,TR-06,TR-06-EP-04,1.712,44.08,27.32,105.06,33.41
2026-01-11 17:15:00,TR-06,TR-06-EP-01,1.496,52.46,28.59,86.48,24.79
2026-01-11 17:30:00,TR-06,TR-06-EP-02,1.56,49.34,28.77,88.54,27.82
2026-01-11 17:45:00,TR-06,TR-06-EP-03,1.769,43.5,26.86,109.67,32.11
2026-01-11 18:00:00,TR-06,TR-06-EP-04,1.712,43.23,26.84,105.07,33.41
2026-01-11 18:15:00,TR-06,TR-06-EP-01,1.496,51.65,28.1,86.39,24.79
2026-01-11 18:30:00,TR-06,TR-06-EP-02,1.561,48.36,28.27,88.72,27.83
2026-01-11 18:45:00,TR-06,TR-06-EP-03,1.771,42.53,26.37,109.86,32.12
2026-01-11 19:00:00,TR-06,TR-06-EP-04,1.712,42.46,26.38,105.02,33.4
2026-01-11 19:15:00,TR-06,TR-06-EP-01,1.496,50.76,27.6,86.39,24.79
2026-01-11 19:30:00,TR-06,TR-06-EP-02,1.563,47.36,27.78,88.94,27.83
2026-01-11 19:45:00,TR-06,TR-06-EP-03,1.773,41.6,25.9,110.03,32.12
2026-01-11 20:00:00,TR-06,TR-06-EP-04,1.711,41.76,25.95,104.9,33.4
2026-01-11 20:15:00,TR-06,TR-06-EP-01,1.497,49.83,27.1,86.49,24.79
2026-01-11 20:30:00,TR-06,TR-06-EP-02,1.565,46.36,27.3,89.2,27.84
2026-01-11 20:45:00,TR-06,TR-06-EP-03,1.774,40.73,25.46,110.2,32.13
2026-01-11 21:00:00,TR-06,TR-06-EP-04,1.709,41.17,25.56,104.74,33.4
2026-01-11 21:15:00,TR-06,TR-06-EP-01,1.498,48.86,26.62,86.69,24.79
2026-01-11 21:30:00,TR-06,TR-06-EP-02,1.568,45.38,26.85,89.5,27.85
2026-01-11 21:45:00,TR-06,TR-06-EP-03,1.775,39.92,25.05,110.34,32.13
2026-01-11 22:00:00,TR-06,TR-06-EP-04,1.707,40.68,25.21,104.52,33.39
2026-01-11 22:15:00,TR-06,TR-06-EP-01,1.5,47.86,26.15,86.98,24.79
2026-01-11 22:30:00,TR-06,TR-06-EP-02,1.571,44.43,26.42,89.84,27.86
2026-01-11 22:45:00,TR-06,TR-06-EP-03,1.776,39.19,24.68,110.47,32.13
2026-01-11 23:00:00,TR-06,TR-06-EP-04,1.705,40.3,24.9,104.25,33.38
2026-01-11 23:15:00,TR-06,TR-06-EP-01,1.503,46.86,25.71,87.36,24.8
2026-01-11 23:30:00,TR-06,TR-06-EP-02,1.574,43.53,26.03,90.21,27.87
2026-01-11 23:45:00,TR-06,TR-06-EP-03,1.777,38.55,24.35,110.58,32.14
2026-01-12 00:00:00,TR-06,TR-06-EP-04,1.702,40.04,24.65,103.93,33.37
2026-01-12 00:15:00,TR-06,TR-06-EP-01,1.507,45.87,25.3,87.82,24.81
2026-01-12 00:30:00,TR-06,TR-06-EP-02,1.577,42.69,25.68,90.6,27.88
2026-01-12 00:45:00,TR-06,TR-06-EP-03,1.778,38.01,24.08,110.67,32.14
2026-01-12 01:00:00,TR-06,TR-06-EP-04,1.699,39.9,24.45,103.58,33.36
2026-01-12 01:15:00,TR-06,TR-06-EP-01,1.511,44.91,24.94,88.36,24.83
2026-01-12 01:30:00,TR-06,TR-06-EP-02,1.58,41.92,25.38,91.0,27.89
2026-01-12 01:45:00,TR-06,TR-06-EP-03,1.778,37.58,23.85,110.73,32.14
2026-01-12 02:00:00,TR-06,TR-06-EP-04,1.695,39.89,24.32,103.18,33.35
2026-01-12 02:15:00,TR-06,TR-06-EP-01,1.516,43.98,24.62,88.97,24.84
2026-01-12 02:30:00,TR-06,TR-06-EP-02,1.584,41.24,25.14,91.42,27.9
2026-01-12 02:45:00,TR-06,TR-06-EP-03,1.779,37.26,23.69,110.77,32.14
2026-01-12 03:00:00,TR-06,TR-06-EP-04,1.692,40.0,24.24,102.76,33.34
2026-01-12 03:15:00,TR-06,TR-06-EP-01,1.521,43.11,24.34,89.64,24.86
2026-01-12 03:30:00,TR-06,TR-06-EP-02,1.587,40.65,24.94,91.84,27.91
2026-01-12 03:45:00,TR-06,TR-06-EP-03,1.779,37.07,23.58,110.79,32.14
2026-01-12 04:00:00,TR-06,TR-06-EP-04,1.688,40.23,24.22,102.32,33.33
2026-01-12 04:15:00,TR-06,TR-06-EP-01,1.527,42.31,24.13,90.35,24.88
2026-01-12 04:30:00,TR-06,TR-06-EP-02,1.59,40.17,24.81,92.26,27.92
2026-01-12 04:45:00,TR-06,TR-06-EP-03,1.779,37.0,23.54,110.77,32.14
2026-01-12 05:00:00,TR-06,TR-06-EP-04,1.684,40.58,24.27,101.86,33.32
2026-01-12 05:15:00,TR-06,TR-06-EP-01,1.533,41.59,23.97,91.1,24.9
2026-01-12 05:30:00,TR-06,TR-06-EP-02,1.594,39.8,24.74,92.67,27.93
2026-01-12 05:45:00,TR-06,TR-06-EP-03,1.778,37.05,23.56,110.74,32.14
2026-01-12 06:00:00,TR-06,TR-06-EP-04,1.68,41.05,24.38,101.39,33.3
2026-01-12 06:15:00,TR-06,TR-06-EP-01,1.539,40.96,23.87,91.87,24.92
2026-01-12 06:30:00,TR-06,TR-06-EP-02,1.597,39.56,24.73,93.07,27.94
2026-01-12 06:45:00,TR-06,TR-06-EP-03,1.778,37.23,23.64,110.68,32.14
2026-01-12 07:00:00,TR-06,TR-06-EP-04,1.676,41.63,24.55,100.92,33.29
2026-01-12 07:15:00,TR-06,TR-06-EP-01,1.545,40.43,23.83,92.66,24.94
2026-01-12 07:30:00,TR-06,TR-06-EP-02,1.6,39.43,24.79,93.44,27.95
2026-01-12 07:45:00,TR-06,TR-06-EP-03,1.777,37.53,23.78,110.59,32.14
2026-01-12 08:00:00,TR-06,TR-06-EP-04,1.672,42.3,24.77,100.46,33.28
2026-01-12 08:15:00,TR-06,TR-06-EP-01,1.552,40.01,23.86,93.45,24.96
2026-01-12 08:30:00,TR-06,TR-06-EP-02,1.603,39.43,24.9,93.79,27.96
2026-01-12 08:45:00,TR-06,TR-06-EP-03,1.776,37.95,23.98,110.49,32.13
2026-01-12 09:00:00,TR-06,TR-06-EP-04,1.668,43.06,25.05,100.01,33.26
2026-01-12 09:15:00,TR-06,TR-06-EP-01,1.558,39.71,23.94,94.23,24.97
2026-01-12 09:30:00,TR-06,TR-06-EP-02,1.605,39.55,25.08,94.1,27.97
2026-01-12 09:45:00,TR-06,TR-06-EP-03,1.775,38.48,24.24,110.36,32.13
2026-01-12 10:00:00,TR-06,TR-06-EP-04,1.664,43.89,25.38,99.58,33.25
2026-01-12 10:15:00,TR-06,TR-06-EP-01,1.564,39.53,24.09,94.98,24.99
2026-01-12 10:30:00,TR-06,TR-06-EP-02,1.608,39.8,25.31,94.38,27.98
2026-01-12 10:45:00,TR-06,TR-06-EP-03,1.774,39.1,24.55,110.21,32.13
2026-01-12 11:00:00,TR-06,TR-06-EP-04,1.66,44.78,25.76,99.18,33.24
2026-01-12 11:15:00,TR-06,TR-06-EP-01,1.569,39.47,24.3,95.7,25.01
2026-01-12 11:30:00,TR-06,TR-06-EP-02,1.61,40.16,25.59,94.61,27.98
2026-01-12 11:45:00,TR-06,TR-06-EP-03,1.773,39.83,24.9,110.05,32.12
2026-01-12 12:00:00,TR-06,TR-06-EP-04,1.657,45.73,26.17,98.81,33.23
2026-01-12 12:15:00,TR-06,TR-06-EP-01,1.575,39.54,24.56,96.37,25.03
2026-01-12 12:30:00,TR-06,TR-06-EP-02,1.611,40.64,25.93,94.8,27.99
2026-01-12 12:45:00,TR-06,TR-06-EP-03,1.771,40.63,25.3,109.88,32.12
2026-01-12 13:00:00,TR-06,TR-06-EP-04,1.654,46.71,26.61,98.48,33.22
2026-01-12 13:15:00,TR-06,TR-06-EP-01,1.579,39.73,24.87,96.98,25.04
2026-01-12 13:30:00,TR-06,TR-06-EP-02,1.612,41.23,26.3,94.94,27.99
2026-01-12 13:45:00,TR-06,TR-06-EP-03,1.77,41.5,25.73,109.69,32.11
2026-01-12 14:00:00,TR-06,TR-06-EP-04,1.652,47.7,27.08,98.2,33.21
2026-01-12 14:15:00,TR-06,TR-06-EP-01,1.584,40.04,25.23,97.52,25.06
2026-01-12 14:30:00,TR-06,TR-06-EP-02,1.613,41.91,26.72,95.03,27.99
2026-01-12 14:45:00,TR-06,TR-06-EP-03,1.768,42.42,26.19,109.5,32.11
2026-01-12 15:00:00,TR-06,TR-06-EP-04,1.65,48.7,27.57,97.96,33.21
2026-01-12 15:15:00,TR-06,TR-06-EP-01,1.587,40.47,25.63,97.99,25.07
2026-01-12 15:30:00,TR-06,TR-06-EP-02,1.613,42.67,27.17,95.07,27.99
2026-01-12 15:45:00,TR-06,TR-06-EP-03,1.766,43.39,26.67,109.3,32.1
2026-01-12 16:00:00,TR-06,TR-06-EP-04,1.648,49.69,28.07,97.78,33.2
2026-01-12 16:15:00,TR-06,TR-06-EP-01,1.591,41.01,26.07,98.38,25.08
2026-01-12 16:30:00,TR-06,TR-06-EP-02,1.613,43.52,27.64,95.06,27.99
2026-01-12 16:45:00,TR-06,TR-06-EP-03,1.765,44.38,27.16,109.09,32.1
2026-01-12 17:00:00,TR-06,TR-06-EP-04,1.647,50.65,28.57,97.65,33.2
2026-01-12 17:15:00,TR-06,TR-06-EP-01,1.593,41.64,26.53,98.68,25.09
2026-01-12 17:30:00,TR-06,TR-06-EP-02,1.613,44.42,28.13,94.99,27.99
2026-01-12 17:45:00,TR-06,TR-06-EP-03,1.763,45.38,27.66,108.89,32.09
2026-01-12 18:00:00,TR-06,TR-06-EP-04,1.646,51.56,29.06,97.58,33.2
2026-01-12 18:15:00,TR-06,TR-06-EP-01,1.595,42.37,27.01,98.89,25.09
2026-01-12 18:30:00,TR-06,TR-06-EP-02,1.612,45.37,28.63,94.87,27.99
2026-01-12 18:45:00,TR-06,TR-06-EP-03,1.761,46.37,28.16,108.7,32.09
2026-01-12 19:00:00,TR-06,TR-06-EP-04,1.646,52.42,29.54,97.56,33.2
2026-01-12 19:15:00,TR-06,TR-06-EP-01,1.595,43.18,27.5,98.99,25.1
2026-01-12 19:30:00,TR-06,TR-06-EP-02,1.61,46.35,29.12,94.7,27.98
2026-01-12 19:45:00,TR-06,TR-06-EP-03,1.76,47.34,28.65,108.51,32.08
2026-01-12 20:00:00,TR-06,TR-06-EP-04,1.647,53.2,30.0,97.61,33.2
2026-01-12 20:15:00,TR-06,TR-06-EP-01,1.595,44.06,28.0,99.0,25.1
2026-01-12 20:30:00,TR-06,TR-06-EP-02,1.609,47.34,29.62,94.49,27.98
2026-01-12 20:45:00,TR-06,TR-06-EP-03,1.758,48.28,29.12,108.33,32.08
2026-01-12 21:00:00,TR-06,TR-06-EP-04,1.648,53.91,30.44,97.71,33.2
2026-01-12 21:15:00,TR-06,TR-06-EP-01,1.595,44.99,28.5,98.92,25.09
2026-01-12 21:30:00,TR-06,TR-06-EP-02,1.606,48.34,30.1,94.23,27.97
2026-01-12 21:45:00,TR-06,TR-06-EP-03,1.757,49.16,29.56,108.17,32.07
2026-01-12 22:00:00,TR-06,TR-06-EP-04,1.649,54.51,30.83,97.87,33.2
2026-01-12 22:15:00,TR-06,TR-06-EP-01,1.593,45.96,28.99,98.73,25.09
2026-01-12 22:30:00,TR-06,TR-06-EP-02,1.604,49.32,30.56,93.93,27.96
2026-01-12 22:45:00,TR-06,TR-06-EP-03,1.755,49.98,29.98,108.02,32.07
2026-01-12 23:00:00,TR-06,TR-06-EP-04,1.651,55.02,31.19,98.08,33.21
2026-01-12 23:15:00,TR-06,TR-06-EP-01,1.591,46.95,29.46,98.45,25.08
2026-01-12 23:30:00,TR-06,TR-06-EP-02,1.601,50.28,30.98,93.6,27.96
2026-01-12 23:45:00,TR-06,TR-06-EP-03,1.754,50.72,30.35,107.88,32.06
2026-01-13 00:00:00,TR-06,TR-06-EP-04,1.653,55.41,31.5,98.35,33.22
2026-01-13 00:15:00,TR-06,TR-06-EP-01,1.588,47.95,29.9,98.08,25.07
2026-01-13 00:30:00,TR-06,TR-06-EP-02,1.598,51.19,31.38,93.23,27.95
2026-01-13 00:45:00,TR-06,TR-06-EP-03,1.753,51.37,30.69,107.77,32.06
2026-01-13 01:00:00,TR-06,TR-06-EP-04,1.656,55.69,31.76,98.66,33.23
2026-01-13 01:15:00,TR-06,TR-06-EP-01,1.585,48.94,30.31,97.63,25.06
2026-01-13 01:30:00,TR-06,TR-06-EP-02,2.129,38.41,33.88,118.87,40.88
2026-01-13 01:45:00,TR-06,TR-06-EP-03,2.076,37.99,33.55,136.11,46.5
2026-01-13 02:00:00,TR-06,TR-06-EP-04,2.199,45.7,33.14,121.8,48.55
2026-01-13 02:15:00,TR-06,TR-06-EP-01,1.58,49.91,30.68,97.09,25.05
2026-01-13 02:30:00,TR-06,TR-06-EP-02,1.592,52.82,32.04,92.44,27.93
2026-01-13 02:45:00,TR-06,TR-06-EP-03,1.752,52.37,31.2,107.62,32.06
2026-01-13 03:00:00,TR-06,TR-06-EP-04,1.662,55.87,32.11,99.4,33.25
2026-01-13 03:15:00,TR-06,TR-06-EP-01,1.576,50.84,31.01,96.5,25.03
2026-01-13 03:30:00,TR-06,TR-06-EP-02,1.588,53.51,32.29,92.02,27.91
2026-01-13 03:45:00,TR-06,TR-06-EP-03,1.752,52.7,31.37,107.57,32.06
2026-01-13 04:00:00,TR-06,TR-06-EP-04,1.666,55.78,32.2,99.82,33.26
2026-01-13 04:15:00,TR-06,TR-06-EP-01,1.57,51.72,31.29,95.84,25.02
2026-01-13 04:30:00,TR-06,TR-06-EP-02,1.585,54.11,32.49,91.6,27.9
2026-01-13 04:45:00,TR-06,TR-06-EP-03,1.752,52.91,31.48,107.56,32.06
2026-01-13 05:00:00,TR-06,TR-06-EP-04,1.67,55.56,32.22,100.26,33.27
2026-01-13 05:15:00,TR-06,TR-06-EP-01,1.565,52.53,31.51,95.13,25.0
2026-01-13 05:30:00,TR-06,TR-06-EP-02,1.582,54.6,32.63,91.18,27.89
2026-01-13 05:45:00,TR-06,TR-06-EP-03,2.075,39.05,34.11,135.96,46.5
2026-01-13 06:00:00,TR-06,TR-06-EP-04,2.219,45.08,33.36,123.9,48.62
2026-01-13 06:15:00,TR-06,TR-06-EP-01,2.067,41.79,33.66,123.92,32.72
2026-01-13 06:30:00,TR-06,TR-06-EP-02,1.578,54.98,32.71,90.77,27.88
2026-01-13 06:45:00,TR-06,TR-06-EP-03,1.752,52.96,31.52,107.6,32.06
2026-01-13 07:00:00,TR-06,TR-06-EP-04,1.678,54.77,32.08,101.18,33.3
2026-01-13 07:15:00,TR-06,TR-06-EP-01,1.553,53.91,31.78,93.61,24.96
2026-01-13 07:30:00,TR-06,TR-06-EP-02,1.575,55.25,32.73,90.37,27.87
2026-01-13 07:45:00,TR-06,TR-06-EP-03,1.752,52.79,31.45,107.66,32.06
2026-01-13 08:00:00,TR-06,TR-06-EP-04,1.682,54.2,31.92,101.65,33.31
2026-01-13 08:15:00,TR-06,TR-06-EP-01,1.547,54.45,31.83,92.82,24.94
2026-01-13 08:30:00,TR-06,TR-06-EP-02,1.572,55.39,32.68,90.0,27.86
2026-01-13 08:45:00,TR-06,TR-06-EP-03,1.753,52.51,31.32,107.74,32.06
2026-01-13 09:00:00,TR-06,TR-06-EP-04,1.686,53.54,31.7,102.11,33.32
2026-01-13 09:15:00,TR-06,TR-06-EP-01,1.54,54.88,31.81,92.03,24.92
2026-01-13 09:30:00,TR-06,TR-06-EP-02,1.569,55.41,32.57,89.65,27.85
2026-01-13 09:45:00,TR-06,TR-06-EP-03,1.754,52.1,31.12,107.84,32.06
2026-01-13 10:00:00,TR-06,TR-06-EP-04,2.24,42.66,32.6,126.18,48.69
2026-01-13 10:15:00,TR-06,TR-06-EP-01,2.034,43.73,33.71,119.82,32.62
2026-01-13 10:30:00,TR-06,TR-06-EP-02,2.09,41.67,34.56,114.37,40.75
2026-01-13 10:45:00,TR-06,TR-06-EP-03,1.755,51.59,30.87,107.97,32.07
2026-01-13 11:00:00,TR-06,TR-06-EP-04,1.694,51.97,31.1,103.0,33.35
2026-01-13 11:15:00,TR-06,TR-06-EP-01,1.528,55.39,31.59,90.5,24.88
2026-01-13 11:30:00,TR-06,TR-06-EP-02,1.564,55.07,32.18,89.05,27.84
2026-01-13 11:45:00,TR-06,TR-06-EP-03,1.756,50.97,30.57,108.11,32.07
2026-01-13 12:00:00,TR-06,TR-06-EP-04,1.697,51.08,30.73,103.4,33.36
2026-01-13 12:15:00,TR-06,TR-06-EP-01,1.523,55.47,31.39,89.78,24.86
2026-01-13 12:30:00,TR-06,TR-06-EP-02,1.562,54.72,31.9,88.81,27.83
2026-01-13 12:45:00,TR-06,TR-06-EP-03,1.758,50.26,30.22,108.27,32.07
2026-01-13 13:00:00,TR-06,TR-06-EP-04,1.701,50.14,30.33,103.78,33.37
2026-01-13 13:15:00,TR-06,TR-06-EP-01,1.517,55.42,31.14,89.1,24.85
2026-01-13 13:30:00,TR-07,TR-07-EP-01,1.745,42.79,29.27,123.16,32.56
2026-01-13 13:45:00,TR-07,TR-07-EP-02,1.736,37.04,28.62,117.32,31.58
2026-01-13 14:00:00,TR-07,TR-07-EP-03,1.829,36.39,28.2,122.91,36.18
2026-01-13 14:15:00,TR-07,TR-07-EP-04,1.74,37.6,27.55,109.4,37.93
2026-01-13 14:30:00,TR-07,TR-07-EP-01,1.746,41.82,28.79,123.37,32.56
2026-01-13 14:45:00,TR-07,TR-07-EP-02,1.734,36.26,28.12,117.16,31.58
2026-01-13 15:00:00,TR-07,TR-07-EP-03,1.823,35.94,27.7,122.18,36.16
2026-01-13 15:15:00,TR-07,TR-07-EP-04,1.729,37.56,27.07,108.02,37.89
2026-01-13 15:30:00,TR-07,TR-07-EP-01,1.747,40.88,28.3,123.47,32.56
2026-01-13 15:45:00,TR-07,TR-07-EP-02,1.732,35.56,27.62,116.85,31.57
2026-01-13 16:00:00,TR-07,TR-07-EP-03,1.817,35.6,27.21,121.29,36.14
2026-01-13 16:15:00,TR-07,TR-07-EP-04,1.716,37.64,26.6,106.49,37.85
2026-01-13 16:30:00,TR-07,TR-07-EP-01,1.747,40.0,27.8,123.48,32.56
2026-01-13 16:45:00,TR-07,TR-07-EP-02,1.729,34.95,27.12,116.4,31.56
2026-01-13 17:00:00,TR-07,TR-07-EP-03,1.808,35.38,26.74,120.25,36.11
2026-01-13 17:15:00,TR-07,TR-07-EP-04,1.703,37.85,26.17,104.83,37.81
2026-01-13 17:30:00,TR-07,TR-07-EP-01,1.746,39.18,27.3,123.37,32.56
2026-01-13 17:45:00,TR-07,TR-07-EP-02,1.724,34.45,26.64,115.81,31.55
2026-01-13 18:00:00,TR-07,TR-07-EP-03,1.799,35.28,26.29,119.06,36.08
2026-01-13 18:15:00,TR-07,TR-07-EP-04,1.689,38.18,25.77,103.07,37.76
2026-01-13 18:30:00,TR-07,TR-07-EP-01,1.745,38.44,26.81,123.17,32.56
2026-01-13 18:45:00,TR-07,TR-07-EP-02,1.719,34.06,26.18,115.1,31.53
2026-01-13 19:00:00,TR-07,TR-07-EP-03,1.789,35.31,25.87,117.76,36.05
2026-01-13 19:15:00,TR-07,TR-07-EP-04,1.674,38.62,25.41,101.23,37.71
2026-01-13 19:30:00,TR-07,TR-07-EP-01,1.743,37.79,26.34,122.86,32.55
2026-01-13 19:45:00,TR-07,TR-07-EP-02,1.713,33.78,25.75,114.26,31.51
2026-01-13 20:00:00,TR-07,TR-07-EP-03,1.778,35.47,25.49,116.36,36.02
2026-01-13 20:15:00,TR-07,TR-07-EP-04,1.659,39.18,25.09,99.35,37.67
2026-01-13 20:30:00,TR-07,TR-07-EP-01,1.74,37.24,25.9,122.46,32.54
2026-01-13 20:45:00,TR-07,TR-07-EP-02,1.706,33.63,25.35,113.33,31.49
2026-01-13 21:00:00,TR-07,TR-07-EP-03,1.767,35.74,25.16,114.88,35.98
2026-01-13 21:15:00,TR-07,TR-07-EP-04,1.643,39.83,24.83,97.45,37.62
2026-01-13 21:30:00,TR-07,TR-07-EP-01,1.736,36.8,25.48,121.97,32.53
2026-01-13 21:45:00,TR-07,TR-07-EP-02,1.698,33.6,25.0,112.31,31.46
2026-01-13 22:00:00,TR-07,TR-07-EP-03,1.755,36.14,24.87,113.35,35.94
2026-01-13 22:15:00,TR-07,TR-07-EP-04,1.628,40.57,24.62,95.56,37.57
2026-01-13 22:30:00,TR-07,TR-07-EP-01,1.732,36.47,25.11,121.4,32.52
2026-01-13 22:45:00,TR-07,TR-07-EP-02,1.69,33.7,24.69,111.21,31.44
2026-01-13 23:00:00,TR-07,TR-07-EP-03,1.743,36.64,24.64,111.79,35.9
2026-01-13 23:15:00,TR-07,TR-07-EP-04,1.613,41.39,24.47,93.71,37.52
2026-01-13 23:30:00,TR-07,TR-07-EP-01,1.727,36.27,24.78,120.76,32.5
2026-01-13 23:45:00,TR-07,TR-07-EP-02,1.681,33.92,24.43,110.06,31.41
2026-01-14 00:00:00,TR-07,TR-07-EP-03,1.73,37.25,24.46,110.23,35.86
2026-01-14 00:15:00,TR-07,TR-07-EP-04,1.599,42.28,24.38,91.94,37.47
2026-01-14 00:30:00,TR-07,TR-07-EP-01,1.722,36.19,24.49,120.05,32.48
2026-01-14 00:45:00,TR-07,TR-07-EP-02,1.672,34.27,24.23,108.87,31.38
2026-01-14 01:00:00,TR-07,TR-07-EP-03,1.718,37.95,24.34,108.68,35.83
2026-01-14 01:15:00,TR-07,TR-07-EP-04,1.585,43.21,24.35,90.27,37.43
2026-01-14 01:30:00,TR-07,TR-07-EP-01,1.717,36.23,24.26,119.3,32.47
2026-01-14 01:45:00,TR-07,TR-07-EP-02,1.663,34.72,24.08,107.66,31.35
2026-01-14 02:00:00,TR-07,TR-07-EP-03,1.707,38.74,24.29,107.18,35.79
2026-01-14 02:15:00,TR-07,TR-07-EP-04,1.573,44.18,24.39,88.72,37.39
2026-01-14 02:30:00,TR-07,TR-07-EP-01,1.711,36.39,24.09,118.5,32.45
2026-01-14 02:45:00,TR-07,TR-07-EP-02,1.654,35.29,24.0,106.45,31.32
2026-01-14 03:00:00,TR-07,TR-07-EP-03,1.695,39.6,24.29,105.74,35.75
2026-01-14 03:15:00,TR-07,TR-07-EP-04,1.562,45.18,24.48,87.32,37.36
2026-01-14 03:30:00,TR-07,TR-07-EP-01,1.705,36.68,23.98,117.68,32.43
2026-01-14 03:45:00,TR-07,TR-07-EP-02,1.645,35.95,23.98,105.26,31.29
2026-01-14 04:00:00,TR-07,TR-07-EP-03,1.685,40.51,24.36,104.39,35.72
2026-01-14 04:15:00,TR-07,TR-07-EP-04,1.552,46.18,24.64,86.09,37.32
2026-01-14 04:30:00,TR-07,TR-07-EP-01,1.699,37.09,23.93,116.84,32.41
2026-01-14 04:45:00,TR-07,TR-07-EP-02,1.637,36.7,24.02,104.11,31.27
2026-01-14 05:00:00,TR-07,TR-07-EP-03,1.675,41.47,24.49,103.15,35.69
2026-01-14 05:15:00,TR-07,TR-07-EP-04,1.543,47.17,24.85,85.05,37.3
2026-01-14 05:30:00,TR-07,TR-07-EP-01,1.693,37.6,23.95,116.0,32.39
2026-01-14 05:45:00,TR-07,TR-07-EP-02,1.628,37.52,24.12,103.01,31.24
2026-01-14 06:00:00,TR-07,TR-07-EP-03,1.667,42.46,24.68,102.04,35.66
2026-01-14 06:15:00,TR-07,TR-07-EP-04,1.537,48.13,25.12,84.22,37.27
2026-01-14 06:30:00,TR-07,TR-07-EP-01,1.687,38.22,24.02,115.17,32.37
2026-01-14 06:45:00,TR-07,TR-07-EP-02,1.621,38.41,24.28,101.99,31.22
2026-01-14 07:00:00,TR-07,TR-07-EP-03,1.659,43.45,24.93,101.08,35.64
2026-01-14 07:15:00,TR-07,TR-07-EP-04,1.532,49.06,25.44,83.61,37.26
2026-01-14 07:30:00,TR-07,TR-07-EP-01,1.681,38.93,24.16,114.37,32.35
2026-01-14 07:45:00,TR-07,TR-07-EP-02,1.614,39.35,24.5,101.05,31.19
2026-01-14 08:00:00,TR-07,TR-07-EP-03,1.653,44.45,25.22,100.28,35.62
2026-01-14 08:15:00,TR-07,TR-07-EP-04,1.529,49.93,25.81,83.23,37.25
2026-01-14 08:30:00,TR-07,TR-07-EP-01,1.676,39.73,24.35,113.61,32.34
2026-01-14 08:45:00,TR-07,TR-07-EP-02,1.607,40.33,24.78,100.22,31.17
2026-01-14 09:00:00,TR-07,TR-07-EP-03,1.648,45.43,25.57,99.66,35.6
2026-01-14 09:15:00,TR-07,TR-07-EP-04,1.527,50.73,26.21,83.08,37.25
2026-01-14 09:30:00,TR-07,TR-07-EP-01,1.671,40.59,24.6,112.89,32.32
2026-01-14 09:45:00,TR-07,TR-07-EP-02,1.602,41.33,25.1,99.5,31.16
2026-01-14 10:00:00,TR-07,TR-07-EP-03,1.645,46.37,25.96,99.21,35.59
2026-01-14 10:15:00,TR-07,TR-07-EP-04,1.528,51.45,26.65,83.17,37.25
2026-01-14 10:30:00,TR-07,TR-07-EP-01,1.666,41.51,24.91,112.24,32.3
2026-01-14 10:45:00,TR-07,TR-07-EP-02,1.597,42.32,25.47,98.91,31.14
2026-01-14 11:00:00,TR-07,TR-07-EP-03,1.643,47.27,26.38,98.96,35.58
2026-01-14 11:15:00,TR-07,TR-07-EP-04,1.531,52.08,27.12,83.49,37.26
2026-01-14 11:30:00,TR-07,TR-07-EP-01,1.662,42.47,25.26,111.65,32.29
2026-01-14 11:45:00,TR-07,TR-07-EP-02,1.594,43.31,25.88,98.46,31.13
2026-01-14 12:00:00,TR-07,TR-07-EP-03,1.642,48.1,26.83,98.91,35.58
2026-01-14 12:15:00,TR-07,TR-07-EP-04,1.535,52.6,27.6,84.05,37.27
2026-01-14 12:30:00,TR-07,TR-07-EP-01,1.658,43.46,25.65,111.15,32.28
2026-01-14 12:45:00,TR-07,TR-07-EP-02,1.592,44.27,26.32,98.15,31.12
2026-01-14 13:00:00,TR-07,TR-07-EP-03,1.643,48.86,27.31,99.05,35.59
2026-01-14 13:15:00,TR-07,TR-07-EP-04,1.542,53.02,28.1,84.83,37.29
2026-01-14 13:30:00,TR-07,TR-07-EP-01,1.655,44.46,26.08,110.73,32.27
2026-01-14 13:45:00,TR-07,TR-07-EP-02,1.591,45.19,26.79,97.98,31.12
2026-01-14 14:00:00,TR-07,TR-07-EP-03,1.646,49.53,27.8,99.38,35.59
2026-01-14 14:15:00,TR-07,TR-07-EP-04,1.55,53.32,28.6,85.82,37.32
2026-01-14 14:30:00,TR-07,TR-07-EP-01,1.653,45.45,26.53,110.41,32.26
2026-01-14 14:45:00,TR-07,TR-07-EP-02,1.59,46.06,27.28,97.97,31.12
2026-01-14 15:00:00,TR-07,TR-07-EP-03,1.65,50.11,28.3,99.9,35.61
2026-01-14 15:15:00,TR-07,TR-07-EP-04,1.559,53.5,29.09,87.0,37.35
2026-01-14 15:30:00,TR-07,TR-07-EP-01,1.651,46.43,27.01,110.19,32.26
2026-01-14 15:45:00,TR-07,TR-07-EP-02,1.591,46.85,27.77,98.11,31.12
2026-01-14 16:00:00,TR-07,TR-07-EP-03,1.655,50.57,28.8,100.61,35.62
2026-01-14 16:15:00,TR-07,TR-07-EP-04,1.57,53.55,29.58,88.36,37.38
2026-01-14 16:30:00,TR-07,TR-07-EP-01,1.65,47.37,27.5,110.07,32.25
2026-01-14 16:45:00,TR-07,TR-07-EP-02,1.594,47.56,28.27,98.4,31.13
2026-01-14 17:00:00,TR-07,TR-07-EP-03,1.662,50.93,29.29,101.48,35.65
2026-01-14 17:15:00,TR-07,TR-07-EP-04,1.582,53.48,30.04,89.88,37.42
2026-01-14 17:30:00,TR-07,TR-07-EP-01,1.65,48.26,28.0,110.05,32.25
2026-01-14 17:45:00,TR-07,TR-07-EP-02,1.597,48.18,28.77,98.84,31.14
2026-01-14 18:00:00,TR-07,TR-07-EP-03,1.67,51.16,29.77,102.5,35.67
2026-01-14 18:15:00,TR-07,TR-07-EP-04,1.596,53.29,30.48,91.52,37.46
2026-01-14 18:30:00,TR-07,TR-07-EP-01,1.651,49.09,28.5,110.14,32.25
2026-01-14 18:45:00,TR-07,TR-07-EP-02,1.601,48.7,29.25,99.41,31.15
2026-01-14 19:00:00,TR-07,TR-07-EP-03,1.679,51.27,30.22,103.67,35.7
2026-01-14 19:15:00,TR-07,TR-07-EP-04,1.61,52.97,30.89,93.28,37.51
2026-01-14 19:30:00,TR-07,TR-07-EP-01,1.652,49.84,28.99,110.33,32.26
2026-01-14 19:45:00,TR-07,TR-07-EP-02,1.606,49.1,29.71,100.11,31.17
2026-01-14 20:00:00,TR-07,TR-07-EP-03,1.689,51.26,30.64,104.96,35.73
2026-01-14 20:15:00,TR-07,TR-07-EP-04,1.625,52.54,31.25,95.11,37.56
2026-01-14 20:30:00,TR-07,TR-07-EP-01,1.654,50.5,29.46,110.63,32.27
2026-01-14 20:45:00,TR-07,TR-07-EP-02,1.613,49.39,30.15,100.93,31.19
2026-01-14 21:00:00,TR-07,TR-07-EP-03,1.7,51.12,31.02,106.35,35.77
2026-01-14 21:15:00,TR-07,TR-07-EP-04,1.64,52.0,31.57,96.99,37.6
2026-01-14 21:30:00,TR-07,TR-07-EP-01,1.657,51.06,29.91,111.02,32.28
2026-01-14 21:45:00,TR-07,TR-07-EP-02,1.62,49.56,30.55,101.85,31.21
2026-01-14 22:00:00,TR-07,TR-07-EP-03,1.712,50.86,31.36,107.82,35.8
2026-01-14 22:15:00,TR-07,TR-07-EP-04,1.655,51.36,31.84,98.89,37.65
2026-01-14 22:30:00,TR-07,TR-07-EP-01,1.661,51.52,30.33,111.49,32.29
2026-01-14 22:45:00,TR-07,TR-07-EP-02,1.627,49.6,30.91,102.86,31.24
2026-01-14 23:00:00,TR-07,TR-07-EP-03,1.723,50.48,31.66,109.34,35.84
2026-01-14 23:15:00,TR-07,TR-07-EP-04,1.67,50.63,32.06,100.78,37.7
2026-01-14 23:30:00,TR-07,TR-07-EP-01,1.665,51.86,30.71,112.06,32.3
2026-01-14 23:45:00,TR-07,TR-07-EP-02,1.635,49.52,31.23,103.95,31.26
2026-01-15 00:00:00,TR-07,TR-07-EP-03,1.736,49.99,31.9,110.9,35.88
2026-01-15 00:15:00,TR-07,TR-07-EP-04,1.685,49.82,32.22,102.63,37.75
2026-01-15 00:30:00,TR-07,TR-07-EP-01,1.669,52.08,31.05,112.69,32.31
2026-01-15 00:45:00,TR-07,TR-07-EP-02,1.644,49.31,31.49,105.1,31.29
2026-01-15 01:00:00,TR-07,TR-07-EP-03,1.748,49.39,32.08,112.47,35.92
2026-01-15 01:15:00,TR-07,TR-07-EP-04,1.7,48.95,32.32,104.41,37.8
2026-01-15 01:30:00,TR-07,TR-07-EP-01,1.674,52.18,31.34,113.39,32.33
2026-01-15 01:45:00,TR-07,TR-07-EP-02,1.653,48.98,31.7,106.28,31.32
2026-01-15 02:00:00,TR-07,TR-07-EP-03,1.76,48.7,32.21,114.02,35.96
2026-01-15 02:15:00,TR-07,TR-07-EP-04,1.713,48.02,32.35,106.1,37.84
2026-01-15 02:30:00,TR-07,TR-07-EP-01,1.68,52.15,31.57,114.14,32.35
2026-01-15 02:45:00,TR-07,TR-07-EP-02,1.662,48.54,31.86,107.49,31.35
2026-01-15 03:00:00,TR-07,TR-07-EP-03,1.772,47.92,32.27,115.53,36.0
2026-01-15 03:15:00,TR-07,TR-07-EP-04,1.726,47.05,32.32,107.67,37.88
2026-01-15 03:30:00,TR-07,TR-07-EP-01,1.685,52.0,31.75,114.93,32.37
2026-01-15 03:45:00,TR-07,TR-07-EP-02,2.174,34.84,34.25,125.19,47.07
2026-01-15 04:00:00,TR-07,TR-07-EP-03,2.36,35.14,34.14,140.58,47.4
2026-01-15 04:15:00,TR-07,TR-07-EP-04,2.016,30.12,33.95,129.07,56.44
2026-01-15 04:30:00,TR-07,TR-07-EP-01,1.691,51.73,31.87,115.75,32.38
2026-01-15 04:45:00,TR-07,TR-07-EP-02,1.68,47.34,31.98,109.89,31.41
2026-01-15 05:00:00,TR-07,TR-07-EP-03,1.794,46.17,32.21,118.33,36.07
2026-01-15 05:15:00,TR-07,TR-07-EP-04,1.748,45.06,32.09,110.34,37.95
2026-01-15 05:30:00,TR-07,TR-07-EP-01,1.697,51.34,31.92,116.59,32.4
2026-01-15 05:45:00,TR-07,TR-07-EP-02,1.689,46.6,31.94,111.05,31.43
2026-01-15 06:00:00,TR-07,TR-07-EP-03,1.803,45.21,32.09,119.59,36.1
2026-01-15 06:15:00,TR-07,TR-07-EP-04,1.756,44.06,31.88,111.4,37.98
2026-01-15 06:30:00,TR-07,TR-07-EP-01,1.703,50.83,31.92,117.43,32.42
2026-01-15 06:45:00,TR-07,TR-07-EP-02,1.697,45.78,31.85,112.16,31.46
2026-01-15 07:00:00,TR-07,TR-07-EP-03,1.812,44.23,31.91,120.71,36.13
2026-01-15 07:15:00,TR-07,TR-07-EP-04,1.763,43.09,31.62,112.26,38.0
2026-01-15 07:30:00,TR-07,TR-07-EP-01,1.709,50.23,31.85,118.26,32.44
2026-01-15 07:45:00,TR-07,TR-07-EP-02,1.705,44.9,31.69,113.19,31.49
2026-01-15 08:00:00,TR-07,TR-07-EP-03,2.408,31.3,33.54,146.25,47.56
2026-01-15 08:15:00,TR-07,TR-07-EP-04,2.052,26.23,33.02,133.58,56.59
2026-01-15 08:30:00,TR-07,TR-07-EP-01,2.265,41.19,34.5,165.94,40.33
2026-01-15 08:45:00,TR-07,TR-07-EP-02,1.712,43.96,31.48,114.14,31.51
2026-01-15 09:00:00,TR-07,TR-07-EP-03,1.826,42.23,31.38,122.51,36.17
2026-01-15 09:15:00,TR-07,TR-07-EP-04,1.772,41.29,30.94,113.31,38.03
2026-01-15 09:30:00,TR-07,TR-07-EP-01,1.721,48.74,31.54,119.83,32.48
2026-01-15 09:45:00,TR-07,TR-07-EP-02,1.718,42.99,31.21,114.99,31.53
2026-01-15 10:00:00,TR-07,TR-07-EP-03,1.831,41.25,31.04,123.16,36.19
2026-01-15 10:15:00,TR-07,TR-07-EP-04,1.773,40.48,30.54,113.48,38.03
2026-01-15 10:30:00,TR-07,TR-07-EP-01,1.726,47.89,31.29,120.56,32.5
2026-01-15 10:45:00,TR-07,TR-07-EP-02,1.724,42.0,30.89,115.72,31.55
2026-01-15 11:00:00,TR-07,TR-07-EP-03,1.835,40.3,30.65,123.63,36.2
2026-01-15 11:15:00,TR-07,TR-07-EP-04,1.772,39.75,30.11,113.42,38.03
2026-01-15 11:30:00,TR-07,TR-07-EP-01,1.731,46.97,31.0,121.22,32.51
2026-01-15 11:45:00,TR-07,TR-07-EP-02,1.728,41.0,30.53,116.32,31.56
2026-01-15 12:00:00,TR-07,TR-07-EP-03,1.837,39.4,30.23,123.9,36.2
2026-01-15 12:15:00,TR-07,TR-07-EP-04,2.054,23.17,31.36,133.85,56.6
2026-01-15 12:30:00,TR-07,TR-07-EP-01,2.291,37.68,33.42,169.77,40.41
2026-01-15 12:45:00,TR-07,TR-07-EP-02,2.254,26.86,32.43,134.52,47.36
2026-01-15 13:00:00,TR-07,TR-07-EP-03,1.838,38.56,29.78,123.98,36.21
2026-01-15 13:15:00,TR-07,TR-07-EP-04,1.766,38.56,29.16,112.6,38.01
2026-01-15 13:30:00,TR-07,TR-07-EP-01,1.739,45.03,30.26,122.33,32.54
2026-01-15 13:45:00,TR-07,TR-07-EP-02,1.734,39.04,29.69,117.12,31.58
2026-01-15 14:00:00,TR-07,TR-07-EP-03,1.837,37.79,29.31,123.87,36.2
2026-01-15 14:15:00,TR-07,TR-07-EP-04,1.76,38.13,28.67,111.85,37.99
2026-01-15 14:30:00,TR-07,TR-07-EP-01,1.742,44.03,29.84,122.75,32.55
2026-01-15 14:45:00,TR-07,TR-07-EP-02,1.736,38.12,29.22,117.3,31.58
2026-01-15 15:00:00,TR-07,TR-07-EP-03,1.834,37.11,28.82,123.56,36.2
2026-01-15 15:15:00,TR-07,TR-07-EP-04,1.752,37.82,28.17,110.88,37.96
2026-01-15 15:30:00,TR-07,TR-07-EP-01,1.744,43.04,29.39,123.09,32.55
2026-01-15 15:45:00,TR-08,TR-08-EP-01,1.75,37.56,26.92,110.41,28.25
2026-01-15 16:00:00,TR-08,TR-08-EP-02,1.812,37.2,26.57,115.5,30.81
2026-01-15 16:15:00,TR-08,TR-08-EP-03,1.747,37.46,25.92,117.01,41.08
2026-01-15 16:30:00,TR-08,TR-08-EP-04,1.749,43.03,25.29,102.91,40.12
2026-01-15 16:45:00,TR-08,TR-08-EP-01,1.736,37.82,26.45,108.54,28.21
2026-01-15 17:00:00,TR-08,TR-08-EP-02,1.793,37.84,26.13,113.09,30.75
2026-01-15 17:15:00,TR-08,TR-08-EP-03,1.725,38.36,25.53,114.31,41.01
2026-01-15 17:30:00,TR-08,TR-08-EP-04,1.726,44.03,24.97,100.24,40.05
2026-01-15 17:45:00,TR-08,TR-08-EP-01,1.721,38.2,26.0,106.53,28.16
2026-01-15 18:00:00,TR-08,TR-08-EP-02,1.774,38.58,25.73,110.63,30.69
2026-01-15 18:15:00,TR-08,TR-08-EP-03,1.703,39.31,25.18,111.66,40.94
2026-01-15 18:30:00,TR-08,TR-08-EP-04,1.705,45.02,24.69,97.73,39.98
2026-01-15 18:45:00,TR-08,TR-08-EP-01,1.705,38.7,25.58,104.43,28.11
2026-01-15 19:00:00,TR-08,TR-08-EP-02,1.754,39.39,25.36,108.15,30.63
2026-01-15 19:15:00,TR-08,TR-08-EP-03,1.682,40.29,24.89,109.1,40.87
2026-01-15 19:30:00,TR-08,TR-08-EP-04,1.686,45.99,24.47,95.42,39.92
2026-01-15 19:45:00,TR-08,TR-08-EP-01,1.688,39.29,25.2,102.26,28.05
2026-01-15 20:00:00,TR-08,TR-08-EP-02,1.735,40.27,25.04,105.7,30.57
2026-01-15 20:15:00,TR-08,TR-08-EP-03,1.663,41.29,24.64,106.67,40.81
2026-01-15 20:30:00,TR-08,TR-08-EP-04,1.668,46.93,24.31,93.35,39.86
2026-01-15 20:45:00,TR-08,TR-08-EP-01,1.672,39.99,24.85,100.06,28.0
2026-01-15 21:00:00,TR-08,TR-08-EP-02,1.716,41.2,24.77,103.31,30.51
2026-01-15 21:15:00,TR-08,TR-08-EP-03,1.644,42.29,24.45,104.41,40.75
2026-01-15 21:30:00,TR-08,TR-08-EP-04,1.653,47.81,24.21,91.54,39.82
2026-01-15 21:45:00,TR-08,TR-08-EP-01,1.655,40.77,24.56,97.86,27.95
2026-01-15 22:00:00,TR-08,TR-08-EP-02,1.698,42.17,24.56,101.02,30.45
2026-01-15 22:15:00,TR-08,TR-08-EP-03,1.627,43.27,24.32,102.35,40.7
2026-01-15 22:30:00,TR-08,TR-08-EP-04,1.64,48.63,24.17,90.03,39.78
2026-01-15 22:45:00,TR-08,TR-08-EP-01,1.639,41.62,24.32,95.7,27.9
2026-01-15 23:00:00,TR-08,TR-08-EP-02,1.681,43.16,24.4,98.86,30.4
2026-01-15 23:15:00,TR-08,TR-08-EP-03,1.613,44.22,24.26,100.53,40.65
2026-01-15 23:30:00,TR-08,TR-08-EP-04,1.63,49.36,24.19,88.84,39.74
2026-01-15 23:45:00,TR-08,TR-08-EP-01,1.623,42.53,24.14,93.61,27.85
2026-01-16 00:00:00,TR-08,TR-08-EP-02,1.666,44.16,24.3,96.88,30.35
2026-01-16 00:15:00,TR-08,TR-08-EP-03,1.6,45.13,24.25,98.97,40.61
2026-01-16 00:30:00,TR-08,TR-08-EP-04,1.623,50.01,24.27,87.99,39.72
2026-01-16 00:45:00,TR-08,TR-08-EP-01,1.608,43.48,24.02,91.61,27.8
2026-01-16 01:00:00,TR-08,TR-08-EP-02,1.652,45.15,24.27,95.09,30.3
2026-01-16 01:15:00,TR-08,TR-08-EP-03,1.59,45.98,24.31,97.69,40.58
2026-01-16 01:30:00,TR-08,TR-08-EP-04,1.619,50.56,24.42,87.49,39.71
2026-01-16 01:45:00,TR-08,TR-08-EP-01,1.594,44.46,23.95,89.75,27.75
2026-01-16 02:00:00,TR-08,TR-08-EP-02,1.639,46.12,24.3,93.53,30.26
2026-01-16 02:15:00,TR-08,TR-08-EP-03,1.582,46.75,24.42,96.73,40.55
2026-01-16 02:30:00,TR-08,TR-08-EP-04,1.618,51.0,24.62,87.36,39.7
2026-01-16 02:45:00,TR-08,TR-08-EP-01,1.581,45.46,23.95,88.06,27.71
2026-01-16 03:00:00,TR-08,TR-08-EP-02,1.629,47.05,24.39,92.22,30.23
2026-01-16 03:15:00,TR-08,TR-08-EP-03,1.577,47.44,24.6,96.09,40.53
2026-01-16 03:30:00,TR-08,TR-08-EP-04,1.62,51.33,24.88,87.58,39.71
2026-01-16 03:45:00,TR-08,TR-08-EP-01,1.57,46.46,24.02,86.55,27.67
2026-01-16 04:00:00,TR-08,TR-08-EP-02,1.621,47.93,24.54,91.18,30.2
2026-01-16 04:15:00,TR-08,TR-08-EP-03,1.574,48.04,24.84,95.78,40.53
2026-01-16 04:30:00,TR-08,TR-08-EP-04,1.625,51.53,25.19,88.17,39.72
2026-01-16 04:45:00,TR-08,TR-08-EP-01,1.56,47.44,24.14,85.26,27.64
2026-01-16 05:00:00,TR-08,TR-08-EP-02,1.615,48.73,24.75,90.44,30.18
2026-01-16 05:15:00,TR-08,TR-08-EP-03,1.574,48.53,25.12,95.81,40.53
2026-01-16 05:30:00,TR-08,TR-08-EP-04,1.633,51.61,25.55,89.1,39.75
2026-01-16 05:45:00,TR-08,TR-08-EP-01,1.552,48.39,24.32,84.19,27.62
2026-01-16 06:00:00,TR-08,TR-08-EP-02,1.612,49.46,25.01,89.99,30.17
2026-01-16 06:15:00,TR-08,TR-08-EP-03,1.577,48.9,25.46,96.18,40.54
2026-01-16 06:30:00,TR-08,TR-08-EP-04,1.643,51.56,25.94,90.37,39.78
2026-01-16 06:45:00,TR-08,TR-08-EP-01,1.546,49.29,24.56,83.38,27.6
2026-01-16 07:00:00,TR-08,TR-08-EP-02,1.61,50.1,25.33,89.85,30.17
2026-01-16 07:15:00,TR-08,TR-08-EP-03,1.583,49.16,25.84,96.88,40.55
2026-01-16 07:30:00,TR-08,TR-08-EP-04,1.657,51.4,26.38,91.95,39.83
2026-01-16 07:45:00,TR-08,TR-08-EP-01,1.541,50.13,24.86,82.83,27.58
2026-01-16 08:00:00,TR-08,TR-08-EP-02,1.612,50.64,25.69,90.02,30.17
2026-01-16 08:15:00,TR-08,TR-08-EP-03,1.591,49.3,26.26,97.9,40.58
2026-01-16 08:30:00,TR-08,TR-08-EP-04,1.672,51.11,26.84,93.82,39.88
2026-01-16 08:45:00,TR-08,TR-08-EP-01,1.539,50.9,25.2,82.55,27.58
2026-01-16 09:00:00,TR-08,TR-08-EP-02,1.616,51.07,26.09,90.49,30.19
2026-01-16 09:15:00,TR-08,TR-08-EP-03,1.602,49.31,26.71,99.23,40.61
2026-01-16 09:30:00,TR-08,TR-08-EP-04,1.69,50.7,27.32,95.96,39.93
2026-01-16 09:45:00,TR-08,TR-08-EP-01,1.539,51.58,25.58,82.54,27.58
2026-01-16 10:00:00,TR-08,TR-08-EP-02,1.622,51.38,26.53,91.27,30.2
2026-01-16 10:15:00,TR-08,TR-08-EP-03,1.615,49.2,27.18,100.84,40.66
2026-01-16 10:30:00,TR-08,TR-08-EP-04,1.71,50.18,27.81,98.32,40.0
2026-01-16 10:45:00,TR-08,TR-08-EP-01,1.541,52.16,26.0,82.81,27.58
2026-01-16 11:00:00,TR-08,TR-08-EP-02,1.63,51.57,26.99,92.33,30.23
2026-01-16 11:15:00,TR-08,TR-08-EP-03,1.63,48.96,27.67,102.71,40.71
2026-01-16 11:30:00,TR-08,TR-08-EP-04,1.732,49.56,28.31,100.88,40.07
2026-01-16 11:45:00,TR-08,TR-08-EP-01,1.545,52.64,26.45,83.35,27.6
2026-01-16 12:00:00,TR-08,TR-08-EP-02,1.64,51.64,27.47,93.66,30.26
2026-01-16 12:15:00,TR-08,TR-08-EP-03,1.647,48.6,28.16,104.81,40.76
2026-01-16 12:30:00,TR-08,TR-08-EP-04,1.754,48.85,28.81,103.58,40.14
2026-01-16 12:45:00,TR-08,TR-08-EP-01,1.551,53.0,26.93,84.16,27.62
2026-01-16 13:00:00,TR-08,TR-08-EP-02,1.653,51.58,27.97,95.24,30.3
2026-01-16 13:15:00,TR-08,TR-08-EP-03,1.666,48.13,28.66,107.1,40.82
2026-01-16 13:30:00,TR-08,TR-08-EP-04,1.778,48.05,29.3,106.4,40.22
2026-01-16 13:45:00,TR-08,TR-08-EP-01,1.559,53.25,27.42,85.21,27.64
2026-01-16 14:00:00,TR-08,TR-08-EP-02,1.667,51.4,28.47,97.05,30.35
2026-01-16 14:15:00,TR-08,TR-08-EP-03,1.686,47.56,29.16,109.56,40.88
2026-01-16 14:30:00,TR-08,TR-08-EP-04,1.802,47.19,29.77,109.28,40.29
2026-01-16 14:45:00,TR-08,TR-08-EP-01,1.569,53.37,27.92,86.5,27.67
2026-01-16 15:00:00,TR-08,TR-08-EP-02,1.683,51.1,28.96,99.06,30.4
2026-01-16 15:15:00,TR-08,TR-08-EP-03,1.707,46.89,29.64,112.14,40.95
2026-01-16 15:30:00,TR-08,TR-08-EP-04,1.827,46.27,30.21,112.17,40.37
2026-01-16 15:45:00,TR-08,TR-08-EP-01,1.581,53.37,28.42,87.99,27.71
2026-01-16 16:00:00,TR-08,TR-08-EP-02,1.7,50.68,29.45,101.23,30.45
2026-01-16 16:15:00,TR-08,TR-08-EP-03,1.729,46.13,30.09,114.8,41.02
2026-01-16 16:30:00,TR-08,TR-08-EP-04,1.851,45.3,30.62,115.05,40.45
2026-01-16 16:45:00,TR-08,TR-08-EP-01,1.593,53.25,28.91,89.68,27.75
2026-01-16 17:00:00,TR-08,TR-08-EP-02,1.718,50.15,29.92,103.53,30.51
2026-01-16 17:15:00,TR-08,TR-08-EP-03,1.751,45.29,30.52,117.5,41.09
2026-01-16 17:30:00,TR-08,TR-08-EP-04,1.875,44.32,31.0,117.85,40.52
2026-01-16 17:45:00,TR-08,TR-08-EP-01,1.607,53.0,29.38,91.54,27.8
2026-01-16 18:00:00,TR-08,TR-08-EP-02,1.737,49.52,30.36,105.93,30.57
2026-01-16 18:15:00,TR-08,TR-08-EP-03,1.773,44.39,30.91,120.21,41.16
2026-01-16 18:30:00,TR-08,TR-08-EP-04,1.897,43.32,31.33,120.54,40.6
2026-01-16 18:45:00,TR-08,TR-08-EP-01,1.622,52.63,29.84,93.52,27.84
2026-01-16 19:00:00,TR-08,TR-08-EP-02,1.756,48.8,30.77,108.38,30.63
2026-01-16 19:15:00,TR-08,TR-08-EP-03,1.794,43.45,31.26,122.87,41.23
2026-01-16 19:30:00,TR-08,TR-08-EP-04,1.919,42.32,31.61,123.07,40.67
2026-01-16 19:45:00,TR-08,TR-08-EP-01,1.638,52.15,30.26,95.61,27.89
2026-01-16 20:00:00,TR-08,TR-08-EP-02,1.775,47.99,31.14,110.86,30.7
2026-01-16 20:15:00,TR-08,TR-08-EP-03,1.815,42.47,31.57,125.44,41.3
2026-01-16 20:30:00,TR-08,TR-08-EP-04,1.938,41.35,31.84,125.41,40.73
2026-01-16 20:45:00,TR-08,TR-08-EP-01,1.655,51.56,30.65,97.78,27.95
2026-01-16 21:00:00,TR-08,TR-08-EP-02,1.795,47.12,31.46,113.31,30.76
2026-01-16 21:15:00,TR-08,TR-08-EP-03,1.835,41.47,31.82,127.89,41.36
2026-01-16 21:30:00,TR-08,TR-08-EP-04,1.956,40.41,32.01,127.52,40.78
2026-01-16 21:45:00,TR-08,TR-08-EP-01,1.671,50.88,31.0,99.98,28.0
2026-01-16 22:00:00,TR-08,TR-08-EP-02,1.814,46.2,31.74,115.71,30.82
2026-01-16 22:15:00,TR-08,TR-08-EP-03,1.854,40.48,32.02,130.17,41.42
2026-01-16 22:30:00,TR-08,TR-08-EP-04,1.971,39.52,32.12,129.36,40.83
2026-01-16 22:45:00,TR-08,TR-08-EP-01,1.688,50.11,31.3,102.18,28.05
2026-01-16 23:00:00,TR-08,TR-08-EP-02,1.832,45.23,31.96,118.02,30.88
2026-01-16 23:15:00,TR-08,TR-08-EP-03,1.871,39.49,32.15,132.26,41.47
2026-01-16 23:30:00,TR-08,TR-08-EP-04,1.984,38.69,32.16,130.91,40.88
2026-01-16 23:45:00,TR-08,TR-08-EP-01,1.704,49.27,31.54,104.35,28.11
2026-01-17 00:00:00,TR-08,TR-08-EP-02,1.849,44.24,32.12,120.19,30.93
2026-01-17 00:15:00,TR-08,TR-08-EP-03,1.886,38.53,32.23,134.12,41.52
2026-01-17 00:30:00,TR-08,TR-08-EP-04,1.995,37.94,32.15,132.14,40.91
2026-01-17 00:45:00,TR-08,TR-08-EP-01,1.72,48.37,31.73,106.45,28.16
2026-01-17 01:00:00,TR-08,TR-08-EP-02,1.864,43.24,32.23,122.2,30.98
2026-01-17 01:15:00,TR-08,TR-08-EP-03,1.899,37.62,32.24,135.71,41.56
2026-01-17 01:30:00,TR-08,TR-08-EP-04,2.002,37.28,32.07,133.03,40.93
2026-01-17 01:45:00,TR-08,TR-08-EP-01,1.735,47.42,31.86,108.46,28.2
2026-01-17 02:00:00,TR-08,TR-08-EP-02,1.879,42.25,32.27,124.02,31.03
2026-01-17 02:15:00,TR-08,TR-08-EP-03,1.909,36.76,32.19,137.02,41.6
2026-01-17 02:30:00,TR-08,TR-08-EP-04,2.007,36.72,31.94,133.57,40.95
2026-01-17 02:45:00,TR-08,TR-08-EP-01,1.75,46.44,31.93,110.34,28.25
2026-01-17 03:00:00,TR-08,TR-08-EP-02,1.891,41.28,32.25,125.61,31.07
2026-01-17 03:15:00,TR-08,TR-08-EP-03,1.918,35.98,32.08,138.02,41.62
2026-01-17 03:30:00,TR-08,TR-08-EP-04,2.008,36.27,31.74,133.75,40.95
2026-01-17 03:45:00,TR-08,TR-08-EP-01,1.763,45.44,31.94,112.05,28.29
2026-01-17 04:00:00,TR-08,TR-08-EP-02,1.902,40.34,32.17,126.95,31.1
2026-01-17 04:15:00,TR-08,TR-08-EP-03,1.923,35.28,31.91,138.7,41.64
2026-01-17 04:30:00,TR-08,TR-08-EP-04,2.007,35.93,31.49,133.57,40.95
2026-01-17 04:45:00,TR-08,TR-08-EP-01,1.774,44.44,31.89,113.59,28.33
2026-01-17 05:00:00,TR-08,TR-08-EP-02,1.91,39.46,32.02,128.02,31.13
2026-01-17 05:15:00,TR-08,TR-08-EP-03,1.926,34.67,31.69,139.05,41.65
2026-01-17 05:30:00,TR-08,TR-08-EP-04,2.002,35.71,31.18,133.04,40.93
2026-01-17 05:45:00,TR-08,TR-08-EP-01,1.784,43.46,31.77,114.91,28.36
2026-01-17 06:00:00,TR-08,TR-08-EP-02,2.598,26.72,33.9,157.3,37.55
2026-01-17 06:15:00,TR-08,TR-08-EP-03,2.221,20.61,33.0,161.65,50.29
2026-01-17 06:30:00,TR-08,TR-08-EP-04,2.72,21.94,31.94,163.61,47.19
2026-01-17 06:45:00,TR-08,TR-08-EP-01,1.792,42.51,31.59,116.0,28.39
2026-01-17 07:00:00,TR-08,TR-08-EP-02,1.92,37.9,31.56,129.29,31.16
2026-01-17 07:15:00,TR-08,TR-08-EP-03,1.923,33.78,31.07,138.74,41.64
2026-01-17 07:30:00,TR-08,TR-08-EP-04,1.985,35.64,30.44,130.92,40.88
2026-01-17 07:45:00,TR-08,TR-08-EP-01,1.799,41.6,31.36,116.85,28.41
2026-01-17 08:00:00,TR-08,TR-08-EP-02,1.921,37.25,31.25,129.47,31.16
2026-01-17 08:15:00,TR-08,TR-08-EP-03,1.918,33.5,30.7,138.08,41.63
2026-01-17 08:30:00,TR-08,TR-08-EP-04,1.972,35.8,30.01,129.37,40.83
2026-01-17 08:45:00,TR-08,TR-08-EP-01,1.803,40.75,31.08,117.43,28.42
2026-01-17 09:00:00,TR-08,TR-08-EP-02,1.92,36.7,30.9,129.34,31.16
2026-01-17 09:15:00,TR-08,TR-08-EP-03,1.91,33.35,30.29,137.1,41.6
2026-01-17 09:30:00,TR-08,TR-08-EP-04,1.956,36.07,29.55,127.53,40.79
2026-01-17 09:45:00,TR-08,TR-08-EP-01,1.806,39.97,30.74,117.75,28.43
2026-01-17 10:00:00,TR-08,TR-08-EP-02,1.917,36.26,30.5,128.9,31.15
2026-01-17 10:15:00,TR-08,TR-08-EP-03,2.19,19.77,31.43,157.87,50.18
2026-01-17 10:30:00,TR-08,TR-08-EP-04,2.642,22.79,30.18,155.29,46.98
2026-01-17 10:45:00,TR-08,TR-08-EP-01,2.374,27.49,33.33,151.11,35.48
2026-01-17 11:00:00,TR-08,TR-08-EP-02,1.911,35.93,30.07,128.16,31.13
2026-01-17 11:15:00,TR-08,TR-08-EP-03,1.887,33.42,29.37,134.23,41.53
2026-01-17 11:30:00,TR-08,TR-08-EP-04,1.919,36.97,28.58,123.09,40.67
2026-01-17 11:45:00,TR-08,TR-08-EP-01,1.804,38.68,29.94,117.55,28.42
2026-01-17 12:00:00,TR-08,TR-08-EP-02,1.903,35.72,29.61,127.14,31.11
2026-01-17 12:15:00,TR-08,TR-08-EP-03,1.872,33.64,28.88,132.4,41.48
2026-01-17 12:30:00,TR-08,TR-08-EP-04,1.897,37.58,28.08,120.56,40.6
2026-01-17 12:45:00,TR-08,TR-08-EP-01,1.8,38.19,29.5,117.04,28.41
2026-01-17 13:00:00,TR-08,TR-08-EP-02,1.893,35.64,29.13,125.84,31.07
2026-01-17 13:15:00,TR-08,TR-08-EP-03,1.855,33.98,28.39,130.32,41.42
2026-01-17 13:30:00,TR-08,TR-08-EP-04,1.875,38.28,27.58,117.87,40.52
2026-01-17 13:45:00,TR-08,TR-08-EP-01,1.794,37.81,29.03,116.27,28.39
2026-01-17 14:00:00,TR-08,TR-08-EP-02,1.881,35.68,28.64,124.28,31.03
2026-01-17 14:15:00,TR-08,TR-08-EP-03,1.836,34.44,27.89,128.05,41.36
2026-01-17 14:30:00,TR-08,TR-08-EP-04,2.524,25.39,28.2,142.46,46.66
2026-01-17 14:45:00,TR-08,TR-08-EP-01,2.349,25.76,31.51,147.86,35.4
2026-01-17 15:00:00,TR-08,TR-08-EP-02,2.531,23.93,30.21,149.6,37.36
2026-01-17 15:15:00,TR-08,TR-08-EP-03,1.817,35.0,27.39,125.61,41.3
2026-01-17 15:30:00,TR-08,TR-08-EP-04,1.827,39.92,26.62,112.2,40.37
2026-01-17 15:45:00,TR-08,TR-08-EP-01,1.777,37.41,28.04,113.99,28.34
2026-01-17 16:00:00,TR-08,TR-08-EP-02,1.851,36.14,27.64,120.52,30.94
2026-01-17 16:15:00,TR-08,TR-08-EP-03,1.796,35.66,26.91,123.05,41.23
2026-01-17 16:30:00,TR-08,TR-08-EP-04,1.803,40.84,26.18,109.3,40.29
2026-01-17 16:45:00,TR-08,TR-08-EP-01,1.766,37.4,27.54,112.52,28.3
2026-01-17 17:00:00,TR-08,TR-08-EP-02,1.834,36.54,27.15,118.37,30.89
2026-01-17 17:15:00,TR-08,TR-08-EP-03,1.774,36.41,26.45,120.39,41.17
2026-01-17 17:30:00,TR-08,TR-08-EP-04,1.778,41.8,25.76,106.42,40.22
2026-01-17 17:45:00,TR-08,TR-08-EP-01,1.753,37.51,27.05,110.85,28.26
2026-01-17 18:00:00,TR-09,TR-09-EP-01,1.552,46.91,25.83,84.84,35.22
2026-01-17 18:15:00,TR-09,TR-09-EP-02,1.523,52.15,23.32,82.23,32.88
2026-01-17 18:30:00,TR-09,TR-09-EP-03,1.627,49.11,24.43,95.2,39.95
2026-01-17 18:45:00,TR-09,TR-09-EP-04,1.652,51.01,24.02,83.94,41.29
2026-01-17 19:00:00,TR-09,TR-09-EP-01,1.532,47.86,25.52,82.31,35.15
2026-01-17 19:15:00,TR-09,TR-09-EP-02,1.507,52.9,23.09,80.28,32.83
2026-01-17 19:30:00,TR-09,TR-09-EP-03,1.618,49.51,24.29,94.09,39.92
2026-01-17 19:45:00,TR-09,TR-09-EP-04,1.651,50.99,23.97,83.81,41.29
2026-01-17 20:00:00,TR-09,TR-09-EP-01,1.514,48.77,25.27,80.01,35.09
2026-01-17 20:15:00,TR-09,TR-09-EP-02,1.494,53.56,22.92,78.66,32.81
2026-01-17 20:30:00,TR-09,TR-09-EP-03,1.612,49.8,24.21,93.37,39.9
2026-01-17 20:45:00,TR-09,TR-09-EP-04,1.653,50.85,23.98,84.09,41.29
2026-01-17 21:00:00,TR-09,TR-09-EP-01,1.498,49.63,25.08,77.97,35.05
2026-01-17 21:15:00,TR-09,TR-09-EP-02,1.483,54.12,22.81,77.38,32.81
2026-01-17 21:30:00,TR-09,TR-09-EP-03,1.609,49.96,24.19,93.04,39.89
2026-01-17 21:45:00,TR-09,TR-09-EP-04,1.659,50.58,24.05,84.75,41.31
2026-01-17 22:00:00,TR-09,TR-09-EP-01,1.484,50.41,24.94,76.23,35.05
2026-01-17 22:15:00,TR-09,TR-09-EP-02,1.476,54.57,22.77,76.47,32.81
2026-01-17 22:30:00,TR-09,TR-09-EP-03,1.61,50.0,24.23,93.11,39.89
2026-01-17 22:45:00,TR-09,TR-09-EP-04,1.668,50.2,24.18,85.81,41.34
2026-01-17 23:00:00,TR-09,TR-09-EP-01,1.473,51.11,24.87,74.82,35.05
2026-01-17 23:15:00,TR-09,TR-09-EP-02,1.472,54.9,22.78,75.95,32.81
2026-01-17 23:30:00,TR-09,TR-09-EP-03,1.614,49.91,24.34,93.57,39.9
2026-01-17 23:45:00,TR-09,TR-09-EP-04,1.681,49.7,24.37,87.22,41.38
2026-01-18 00:00:00,TR-09,TR-09-EP-01,1.465,51.72,24.86,73.76,35.05
2026-01-18 00:15:00,TR-09,TR-09-EP-02,1.471,55.12,22.86,75.82,32.81
2026-01-18 00:30:00,TR-09,TR-09-EP-03,1.621,49.7,24.51,94.43,39.93
2026-01-18 00:45:00,TR-09,TR-09-EP-04,1.696,49.1,24.62,88.99,41.43
2026-01-18 01:00:00,TR-09,TR-09-EP-01,1.459,52.22,24.91,73.06,35.05
2026-01-18 01:15:00,TR-09,TR-09-EP-02,1.473,55.21,23.0,76.07,32.81
2026-01-18 01:30:00,TR-09,TR-09-EP-03,1.631,49.37,24.73,95.66,39.96
2026-01-18 01:45:00,TR-09,TR-09-EP-04,1.714,48.4,24.92,91.07,41.49
2026-01-18 02:00:00,TR-09,TR-09-EP-01,1.457,52.6,25.02,72.73,35.05
2026-01-18 02:15:00,TR-09,TR-09-EP-02,1.478,55.18,23.2,76.72,32.81
2026-01-18 02:30:00,TR-09,TR-09-EP-03,1.645,48.92,25.01,97.25,40.0
2026-01-18 02:45:00,TR-09,TR-09-EP-04,1.735,47.62,25.27,93.44,41.56
2026-01-18 03:00:00,TR-09,TR-09-EP-01,1.457,52.88,25.19,72.79,35.05
2026-01-18 03:15:00,TR-09,TR-09-EP-02,1.486,55.03,23.45,77.75,32.81
2026-01-18 03:30:00,TR-09,TR-09-EP-03,1.661,48.36,25.33,99.18,40.05
2026-01-18 03:45:00,TR-09,TR-09-EP-04,1.758,46.77,25.66,96.06,41.63
2026-01-18 04:00:00,TR-09,TR-09-EP-01,1.461,53.02,25.42,73.22,35.05
2026-01-18 04:15:00,TR-09,TR-09-EP-02,1.498,54.75,23.76,79.14,32.81
2026-01-18 04:30:00,TR-09,TR-09-EP-03,1.68,47.71,25.7,101.4,40.12
2026-01-18 04:45:00,TR-09,TR-09-EP-04,1.783,45.86,26.08,98.88,41.71
2026-01-18 05:00:00,TR-09,TR-09-EP-01,1.467,53.05,25.7,74.03,35.05
2026-01-18 05:15:00,TR-09,TR-09-EP-02,1.512,54.35,24.11,80.87,32.84
2026-01-18 05:30:00,TR-09,TR-09-EP-03,1.701,46.97,26.12,103.9,40.18
2026-01-18 05:45:00,TR-09,TR-09-EP-04,1.809,44.91,26.54,101.87,41.79
2026-01-18 06:00:00,TR-09,TR-09-EP-01,1.476,52.95,26.03,75.19,35.05
2026-01-18 06:15:00,TR-09,TR-09-EP-02,1.529,53.85,24.5,82.91,32.9
2026-01-18 06:30:00,TR-09,TR-09-EP-03,1.724,46.15,26.56,106.62,40.26
2026-01-18 06:45:00,TR-09,TR-09-EP-04,1.836,43.92,27.02,104.97,41.88
2026-01-18 07:00:00,TR-09,TR-09-EP-01,1.488,52.72,26.41,76.7,35.05
2026-01-18 07:15:00,TR-09,TR-09-EP-02,1.548,53.23,24.93,85.23,32.96
2026-01-18 07:30:00,TR-09,TR-09-EP-03,1.749,45.26,27.03,109.53,40.34
2026-01-18 07:45:00,TR-09,TR-09-EP-04,1.864,42.93,27.51,108.15,41.97
2026-01-18 08:00:00,TR-09,TR-09-EP-01,1.503,52.38,26.82,78.52,35.06
2026-01-18 08:15:00,TR-09,TR-09-EP-02,1.569,52.53,25.39,87.8,33.03
2026-01-18 08:30:00,TR-09,TR-09-EP-03,1.775,44.32,27.51,112.58,40.42
2026-01-18 08:45:00,TR-09,TR-09-EP-04,1.892,41.93,28.01,111.34,42.06
2026-01-18 09:00:00,TR-09,TR-09-EP-01,1.519,51.92,27.27,80.64,35.11
2026-01-18 09:15:00,TR-09,TR-09-EP-02,1.592,51.74,25.87,90.58,33.1
2026-01-18 09:30:00,TR-09,TR-09-EP-03,1.801,43.35,28.01,115.73,40.5
2026-01-18 09:45:00,TR-09,TR-09-EP-04,1.919,40.95,28.51,114.5,42.15
2026-01-18 10:00:00,TR-09,TR-09-EP-01,1.538,51.36,27.74,83.01,35.17
2026-01-18 10:15:00,TR-09,TR-09-EP-02,1.616,50.88,26.36,93.52,33.18
2026-01-18 10:30:00,TR-09,TR-09-EP-03,1.828,42.36,28.51,118.92,40.59
2026-01-18 10:45:00,TR-09,TR-09-EP-04,1.946,40.0,29.0,117.58,42.23
2026-01-18 11:00:00,TR-09,TR-09-EP-01,1.558,50.69,28.23,85.6,35.24
2026-01-18 11:15:00,TR-09,TR-09-EP-02,1.641,49.97,26.86,96.57,33.26
2026-01-18 11:30:00,TR-09,TR-09-EP-03,1.855,41.36,29.0,122.1,40.68
2026-01-18 11:45:00,TR-09,TR-09-EP-04,1.972,39.1,29.47,120.53,42.32
2026-01-18 12:00:00,TR-09,TR-09-EP-01,1.58,49.94,28.72,88.37,35.31
2026-01-18 12:15:00,TR-09,TR-09-EP-02,1.666,49.01,27.36,99.7,33.34
2026-01-18 12:30:00,TR-09,TR-09-EP-03,1.882,40.37,29.49,125.23,40.76
2026-01-18 12:45:00,TR-09,TR-09-EP-04,1.996,38.26,29.92,123.31,42.39
2026-01-18 13:00:00,TR-09,TR-09-EP-01,1.603,49.11,29.22,91.28,35.38
2026-01-18 13:15:00,TR-09,TR-09-EP-02,1.692,48.02,27.85,102.84,33.42
2026-01-18 13:30:00,TR-09,TR-09-EP-03,1.907,39.4,29.95,128.25,40.84
2026-01-18 13:45:00,TR-09,TR-09-EP-04,2.019,37.5,30.34,125.87,42.46
2026-01-18 14:00:00,TR-09,TR-09-EP-01,1.627,48.22,29.72,94.28,35.46
2026-01-18 14:15:00,TR-09,TR-09-EP-02,1.717,47.03,28.32,105.95,33.5
2026-01-18 14:30:00,TR-09,TR-09-EP-03,1.932,38.48,30.38,131.13,40.92
2026-01-18 14:45:00,TR-09,TR-09-EP-04,2.039,36.82,30.72,128.18,42.53
2026-01-18 15:00:00,TR-09,TR-09-EP-01,1.651,47.28,30.2,97.32,35.53
2026-01-18 15:15:00,TR-09,TR-09-EP-02,1.742,46.03,28.77,108.99,33.58
2026-01-18 15:30:00,TR-09,TR-09-EP-03,1.954,37.61,30.78,133.8,40.99
2026-01-18 15:45:00,TR-09,TR-09-EP-04,2.057,36.23,31.06,130.18,42.59
2026-01-18 16:00:00,TR-09,TR-09-EP-01,1.675,46.31,30.66,100.35,35.61
2026-01-18 16:15:00,TR-09,TR-09-EP-02,1.766,45.05,29.18,111.9,33.66
2026-01-18 16:30:00,TR-09,TR-09-EP-03,1.975,36.81,31.14,136.24,41.06
2026-01-18 16:45:00,TR-09,TR-09-EP-04,2.071,35.76,31.35,131.87,42.63
2026-01-18 17:00:00,TR-09,TR-09-EP-01,1.699,45.31,31.09,103.34,35.68
2026-01-18 17:15:00,TR-09,TR-09-EP-02,1.789,44.11,29.56,114.64,33.73
2026-01-18 17:30:00,TR-09,TR-09-EP-03,1.993,36.09,31.46,138.4,41.12
2026-01-18 17:45:00,TR-09,TR-09-EP-04,2.083,35.4,31.59,133.2,42.67
2026-01-18 18:00:00,TR-09,TR-09-EP-01,1.722,44.31,31.48,106.23,35.76
2026-01-18 18:15:00,TR-09,TR-09-EP-02,1.809,43.21,29.9,117.16,33.8
2026-01-18 18:30:00,TR-09,TR-09-EP-03,2.009,35.47,31.72,140.26,41.17
2026-01-18 18:45:00,TR-09,TR-09-EP-04,2.091,35.15,31.77,134.16,42.7
2026-01-18 19:00:00,TR-09,TR-09-EP-01,1.743,43.32,31.84,108.97,35.83
2026-01-18 19:15:00,TR-09,TR-09-EP-02,1.828,42.38,30.18,119.44,33.86
2026-01-18 19:30:00,TR-09,TR-09-EP-03,2.022,34.94,31.93,141.77,41.21
2026-01-18 19:45:00,TR-09,TR-09-EP-04,2.096,35.03,31.9,134.73,42.71
2026-01-18 20:00:00,TR-09,TR-09-EP-01,1.763,42.36,32.15,111.53,35.89
2026-01-18 20:15:00,TR-09,TR-09-EP-02,1.844,41.62,30.41,121.42,33.91
2026-01-18 20:30:00,TR-09,TR-09-EP-03,2.032,34.53,32.07,142.92,41.24
2026-01-18 20:45:00,TR-09,TR-09-EP-04,2.098,35.03,31.96,134.91,42.72
2026-01-18 21:00:00,TR-09,TR-09-EP-01,1.782,41.45,32.41,113.86,35.95
2026-01-18 21:15:00,TR-09,TR-09-EP-02,1.858,40.95,30.59,123.09,33.95
2026-01-18 21:30:00,TR-09,TR-09-EP-03,2.038,34.23,32.16,143.7,41.26
2026-01-18 21:45:00,TR-09,TR-09-EP-04,2.096,35.16,31.96,134.68,42.71
2026-01-18 22:00:00,TR-09,TR-09-EP-01,1.798,40.58,32.61,115.94,36.0
2026-01-18 22:15:00,TR-09,TR-09-EP-02,1.869,40.38,30.71,124.41,33.99
2026-01-18 22:30:00,TR-09,TR-09-EP-03,2.041,34.05,32.19,144.08,41.27
2026-01-18 22:45:00,TR-09,TR-09-EP-04,2.091,35.41,31.89,134.07,42.69
2026-01-18 23:00:00,TR-09,TR-09-EP-01,1.812,39.79,32.75,117.71,36.05
2026-01-18 23:15:00,TR-09,TR-09-EP-02,1.876,39.92,30.76,125.36,34.01
2026-01-18 23:30:00,TR-09,TR-09-EP-03,2.041,34.0,32.15,144.06,41.27
2026-01-18 23:45:00,TR-09,TR-09-EP-04,2.082,35.78,31.77,133.06,42.67
2026-01-19 00:00:00,TR-09,TR-09-EP-01,1.824,39.08,32.83,119.17,36.08
2026-01-19 00:15:00,TR-09,TR-09-EP-02,1.881,39.57,30.75,125.93,34.03
2026-01-19 00:30:00,TR-09,TR-09-EP-03,2.038,34.07,32.06,143.64,41.26
2026-01-19 00:45:00,TR-09,TR-09-EP-04,2.07,36.26,31.58,131.69,42.63
2026-01-19 01:00:00,TR-09,TR-09-EP-01,1.833,38.46,32.85,120.27,36.11
2026-01-19 01:15:00,TR-09,TR-09-EP-02,1.883,39.34,30.68,126.12,34.03
2026-01-19 01:30:00,TR-09,TR-09-EP-03,2.031,34.27,31.9,142.83,41.24
2026-01-19 01:45:00,TR-09,TR-09-EP-04,2.055,36.85,31.34,129.96,42.58
2026-01-19 02:00:00,TR-09,TR-09-EP-01,1.838,37.95,32.81,121.02,36.13
2026-01-19 02:15:00,TR-09,TR-09-EP-02,1.881,39.23,30.55,125.91,34.02
2026-01-19 02:30:00,TR-09,TR-09-EP-03,2.021,34.58,31.68,141.65,41.21
2026-01-19 02:45:00,TR-09,TR-09-EP-04,2.037,37.54,31.05,127.92,42.52
2026-01-19 03:00:00,TR-09,TR-09-EP-01,1.841,37.55,32.71,121.39,36.14
2026-01-19 03:15:00,TR-09,TR-09-EP-02,1.876,39.24,30.36,125.31,34.01
2026-01-19 03:30:00,TR-09,TR-09-EP-03,2.008,35.02,31.41,140.1,41.16
2026-01-19 03:45:00,TR-09,TR-09-EP-04,2.016,38.31,30.7,125.59,42.46
2026-01-19 04:00:00,TR-09,TR-09-EP-01,1.841,37.26,32.54,121.39,36.14
2026-01-19 04:15:00,TR-09,TR-09-EP-02,1.868,39.38,30.11,124.33,33.98
2026-01-19 04:30:00,TR-09,TR-09-EP-03,1.992,35.56,31.09,138.21,41.11
2026-01-19 04:45:00,TR-09,TR-09-EP-04,1.994,39.15,30.32,123.0,42.38
2026-01-19 05:00:00,TR-09,TR-09-EP-01,1.838,37.1,32.32,121.0,36.13
2026-01-19 05:15:00,TR-09,TR-09-EP-02,1.857,39.65,29.81,122.99,33.95
2026-01-19 05:30:00,TR-09,TR-09-EP-03,1.973,36.2,30.72,136.02,41.05
2026-01-19 05:45:00,TR-09,TR-09-EP-04,1.969,40.05,29.9,120.2,42.31
2026-01-19 06:00:00,TR-09,TR-09-EP-01,1.832,37.06,32.04,120.24,36.11
2026-01-19 06:15:00,TR-09,TR-09-EP-02,1.843,40.03,29.47,121.3,33.9
2026-01-19 06:30:00,TR-09,TR-09-EP-03,1.952,36.93,30.32,133.56,40.99
2026-01-19 06:45:00,TR-09,TR-09-EP-04,1.943,41.0,29.45,117.23,42.22
2026-01-19 07:00:00,TR-09,TR-09-EP-01,1.823,37.14,31.72,119.12,36.08
2026-01-19 07:15:00,TR-09,TR-09-EP-02,1.827,40.52,29.08,119.29,33.85
2026-01-19 07:30:00,TR-09,TR-09-EP-03,1.93,37.74,29.88,130.86,40.91
2026-01-19 07:45:00,TR-09,TR-09-EP-04,1.916,41.98,28.97,114.13,42.14
2026-01-19 08:00:00,TR-09,TR-09-EP-01,1.812,37.35,31.35,117.65,36.05
2026-01-19 08:15:00,TR-09,TR-09-EP-02,2.258,26.03,30.86,144.66,41.73
2026-01-19 08:30:00,TR-09,TR-09-EP-03,2.435,29.5,30.59,153.18,58.05
2026-01-19 08:45:00,TR-09,TR-09-EP-04,2.516,34.94,31.23,143.88,52.28
2026-01-19 09:00:00,TR-09,TR-09-EP-01,1.798,37.68,30.94,115.87,36.0
2026-01-19 09:15:00,TR-09,TR-09-EP-02,1.787,41.81,28.2,114.46,33.72
2026-01-19 09:30:00,TR-09,TR-09-EP-03,1.879,39.55,28.93,124.94,40.75
2026-01-19 09:45:00,TR-09,TR-09-EP-04,1.86,43.98,27.98,107.77,41.96
2026-01-19 10:00:00,TR-09,TR-09-EP-01,1.781,38.12,30.5,113.79,35.95
2026-01-19 10:15:00,TR-09,TR-09-EP-02,1.765,42.59,27.72,111.71,33.65
2026-01-19 10:30:00,TR-09,TR-09-EP-03,1.853,40.52,28.43,121.8,40.67
2026-01-19 10:45:00,TR-09,TR-09-EP-04,1.833,44.96,27.48,104.61,41.87
2026-01-19 11:00:00,TR-09,TR-09-EP-01,1.763,38.68,30.03,111.44,35.89
2026-01-19 11:15:00,TR-09,TR-09-EP-02,1.741,43.44,27.23,108.79,33.58
2026-01-19 11:30:00,TR-09,TR-09-EP-03,1.826,41.52,27.93,118.62,40.58
2026-01-19 11:45:00,TR-09,TR-09-EP-04,1.806,45.91,26.99,101.51,41.78
2026-01-19 12:00:00,TR-09,TR-09-EP-01,1.742,39.33,29.54,108.88,35.82
2026-01-19 12:15:00,TR-09,TR-09-EP-02,1.716,44.35,26.73,105.74,33.5
2026-01-19 12:30:00,TR-09,TR-09-EP-03,2.299,33.39,28.61,138.17,57.56
2026-01-19 12:45:00,TR-09,TR-09-EP-04,2.371,38.78,29.26,127.77,51.85
2026-01-19 13:00:00,TR-09,TR-09-EP-01,2.299,29.19,30.11,129.95,51.54
2026-01-19 13:15:00,TR-09,TR-09-EP-02,1.69,45.3,26.23,102.63,33.41
2026-01-19 13:30:00,TR-09,TR-09-EP-03,1.772,43.51,26.95,112.29,40.41
2026-01-19 13:45:00,TR-09,TR-09-EP-04,1.755,47.67,26.06,95.74,41.62
2026-01-19 14:00:00,TR-09,TR-09-EP-01,1.698,40.89,28.55,103.23,35.68
2026-01-19 14:15:00,TR-09,TR-09-EP-02,1.664,46.29,25.74,99.48,33.33
2026-01-19 14:30:00,TR-09,TR-09-EP-03,1.746,44.47,26.49,109.25,40.33
2026-01-19 14:45:00,TR-09,TR-09-EP-04,1.732,48.45,25.64,93.15,41.55
2026-01-19 15:00:00,TR-09,TR-09-EP-01,1.674,41.77,28.05,100.25,35.61
2026-01-19 15:15:00,TR-09,TR-09-EP-02,1.639,47.29,25.27,96.36,33.25
2026-01-19 15:30:00,TR-09,TR-09-EP-03,1.722,45.4,26.05,106.36,40.25
2026-01-19 15:45:00,TR-09,TR-09-EP-04,1.712,49.14,25.25,90.81,41.48
2026-01-19 16:00:00,TR-09,TR-09-EP-01,1.65,42.71,27.57,97.21,35.53
2026-01-19 16:15:00,TR-09,TR-09-EP-02,1.614,48.28,24.82,93.31,33.17
2026-01-19 16:30:00,TR-09,TR-09-EP-03,1.699,46.28,25.65,103.65,40.18
2026-01-19 16:45:00,TR-09,TR-09-EP-04,2.257,41.69,27.65,115.09,51.5
2026-01-19 17:00:00,TR-09,TR-09-EP-01,2.172,32.8,28.17,115.31,51.1
2026-01-19 17:15:00,TR-09,TR-09-EP-02,1.986,34.18,26.61,111.76,40.87
2026-01-19 17:30:00,TR-09,TR-09-EP-03,1.678,47.09,25.28,101.18,40.11
2026-01-19 17:45:00,TR-09,TR-09-EP-04,1.679,50.22,24.61,87.04,41.38
2026-01-19 18:00:00,TR-09,TR-09-EP-01,1.603,44.67,26.67,91.17,35.38
2026-01-19 18:15:00,TR-09,TR-09-EP-02,1.567,50.21,24.01,87.62,33.02
2026-01-19 18:30:00,TR-09,TR-09-EP-03,1.659,47.82,24.96,98.98,40.05
2026-01-19 18:45:00,TR-09,TR-09-EP-04,1.667,50.6,24.36,85.66,41.34
2026-01-19 19:00:00,TR-09,TR-09-EP-01,1.58,45.67,26.27,88.27,35.3
2026-01-19 19:15:00,TR-09,TR-09-EP-02,1.546,51.11,23.67,85.07,32.95
2026-01-19 19:30:00,TR-09,TR-09-EP-03,1.643,48.46,24.69,97.09,40.0
2026-01-19 19:45:00,TR-09,TR-09-EP-04,1.658,50.86,24.17,84.66,41.31
2026-01-19 20:00:00,TR-09,TR-09-EP-01,1.558,46.66,25.91,85.51,35.23
2026-01-19 20:15:00,TR-10,TR-10-EP-01,1.434,51.91,23.91,83.38,34.79
2026-01-19 20:30:00,TR-10,TR-10-EP-02,1.46,52.42,23.39,72.54,37.99
2026-01-19 20:45:00,TR-10,TR-10-EP-03,1.533,47.53,23.34,87.03,38.64
2026-01-19 21:00:00,TR-10,TR-10-EP-04,1.528,43.45,23.81,93.09,42.12
2026-01-19 21:15:00,TR-10,TR-10-EP-01,1.438,51.57,23.88,83.88,34.79
2026-01-19 21:30:00,TR-10,TR-10-EP-02,1.47,51.69,23.46,73.99,37.99
2026-01-19 21:45:00,TR-10,TR-10-EP-03,1.55,46.56,23.51,89.19,38.69
2026-01-19 22:00:00,TR-10,TR-10-EP-04,1.549,42.4,24.06,95.63,42.19
2026-01-19 22:15:00,TR-10,TR-10-EP-01,1.445,51.11,23.93,84.81,34.79
2026-01-19 22:30:00,TR-10,TR-10-EP-02,1.484,50.87,23.6,75.8,37.99
2026-01-19 22:45:00,TR-10,TR-10-EP-03,1.569,45.54,23.73,91.61,38.75
2026-01-19 23:00:00,TR-10,TR-10-EP-04,1.57,41.37,24.37,98.32,42.26
2026-01-19 23:15:00,TR-10,TR-10-EP-01,1.454,50.52,24.04,86.15,34.79
2026-01-19 23:30:00,TR-10,TR-10-EP-02,1.5,49.97,23.8,77.94,37.99
2026-01-19 23:45:00,TR-10,TR-10-EP-03,1.589,44.49,24.02,94.26,38.82
2026-01-20 00:00:00,TR-10,TR-10-EP-04,1.593,40.37,24.73,101.11,42.33
2026-01-20 00:15:00,TR-10,TR-10-EP-01,1.467,49.82,24.22,87.87,34.79
2026-01-20 00:30:00,TR-10,TR-10-EP-02,1.518,49.01,24.07,80.38,38.05
2026-01-20 00:45:00,TR-10,TR-10-EP-03,1.611,43.44,24.37,97.08,38.89
2026-01-20 01:00:00,TR-10,TR-10-EP-04,1.616,39.42,25.15,103.96,42.4
2026-01-20 01:15:00,TR-10,TR-10-EP-01,1.482,49.03,24.46,89.95,34.79
2026-01-20 01:30:00,TR-10,TR-10-EP-02,1.539,48.0,24.39,83.07,38.12
2026-01-20 01:45:00,TR-10,TR-10-EP-03,1.634,42.4,24.76,100.03,38.96
2026-01-20 02:00:00,TR-10,TR-10-EP-04,1.639,38.54,25.6,106.8,42.48
2026-01-20 02:15:00,TR-10,TR-10-EP-01,1.499,48.15,24.76,92.34,34.79
2026-01-20 02:30:00,TR-10,TR-10-EP-02,1.56,46.96,24.77,85.96,38.19
2026-01-20 02:45:00,TR-10,TR-10-EP-03,1.658,41.39,25.2,103.05,39.04
2026-01-20 03:00:00,TR-10,TR-10-EP-04,1.661,37.75,26.08,109.6,42.55
2026-01-20 03:15:00,TR-10,TR-10-EP-01,1.518,47.21,25.12,95.02,34.85
2026-01-20 03:30:00,TR-10,TR-10-EP-02,1.583,45.91,25.19,89.01,38.26
2026-01-20 03:45:00,TR-10,TR-10-EP-03,1.681,40.42,25.67,106.1,39.12
2026-01-20 04:00:00,TR-10,TR-10-EP-04,1.683,37.05,26.58,112.3,42.62
2026-01-20 04:15:00,TR-10,TR-10-EP-01,1.539,46.21,25.52,97.93,34.92
2026-01-20 04:30:00,TR-10,TR-10-EP-02,1.607,44.86,25.65,92.16,38.34
2026-01-20 04:45:00,TR-10,TR-10-EP-03,1.705,39.53,26.17,109.12,39.19
2026-01-20 05:00:00,TR-10,TR-10-EP-04,1.704,36.46,27.1,114.86,42.69
2026-01-20 05:15:00,TR-10,TR-10-EP-01,1.562,45.17,25.97,101.02,34.99
2026-01-20 05:30:00,TR-10,TR-10-EP-02,1.631,43.84,26.13,95.36,38.41
2026-01-20 05:45:00,TR-10,TR-10-EP-03,1.728,38.7,26.68,112.06,39.26
2026-01-20 06:00:00,TR-10,TR-10-EP-04,1.723,35.99,27.63,117.23,42.75
2026-01-20 06:15:00,TR-10,TR-10-EP-01,1.585,44.12,26.44,104.23,35.06
2026-01-20 06:30:00,TR-10,TR-10-EP-02,1.655,42.86,26.64,98.55,38.49
2026-01-20 06:45:00,TR-10,TR-10-EP-03,1.75,37.98,27.21,114.87,39.33
2026-01-20 07:00:00,TR-10,TR-10-EP-04,1.74,35.65,28.15,119.38,42.8
2026-01-20 07:15:00,TR-10,TR-10-EP-01,1.609,43.08,26.95,107.52,35.14
2026-01-20 07:30:00,TR-10,TR-10-EP-02,1.678,41.94,27.17,101.68,38.56
2026-01-20 07:45:00,TR-10,TR-10-EP-03,1.77,37.36,27.73,117.5,39.4
2026-01-20 08:00:00,TR-10,TR-10-EP-04,1.755,35.45,28.66,121.26,42.85
2026-01-20 08:15:00,TR-10,TR-10-EP-01,1.633,42.05,27.47,110.83,35.22
2026-01-20 08:30:00,TR-10,TR-10-EP-02,1.701,41.1,27.69,104.7,38.64
2026-01-20 08:45:00,TR-10,TR-10-EP-03,1.789,36.85,28.25,119.91,39.46
2026-01-20 09:00:00,TR-10,TR-10-EP-04,1.768,35.38,29.15,122.85,42.89
2026-01-20 09:15:00,TR-10,TR-10-EP-01,1.656,41.05,27.99,114.09,35.29
2026-01-20 09:30:00,TR-10,TR-10-EP-02,1.722,40.34,28.21,107.54,38.71
2026-01-20 09:45:00,TR-10,TR-10-EP-03,1.806,36.47,28.75,122.05,39.51
2026-01-20 10:00:00,TR-10,TR-10-EP-04,1.778,35.44,29.61,124.11,42.92
2026-01-20 10:15:00,TR-10,TR-10-EP-01,1.679,40.11,28.51,117.26,35.37
2026-01-20 10:30:00,TR-10,TR-10-EP-02,1.742,39.69,28.72,110.17,38.77
2026-01-20 10:45:00,TR-10,TR-10-EP-03,1.82,36.23,29.22,123.88,39.56
2026-01-20 11:00:00,TR-10,TR-10-EP-04,1.786,35.65,30.03,125.03,42.95
2026-01-20 11:15:00,TR-10,TR-10-EP-01,1.701,39.25,29.03,120.28,35.44
2026-01-20 11:30:00,TR-10,TR-10-EP-02,1.76,39.15,29.2,112.53,38.83
2026-01-20 11:45:00,TR-10,TR-10-EP-03,1.832,36.12,29.65,125.38,39.6
2026-01-20 12:00:00,TR-10,TR-10-EP-04,1.79,35.99,30.41,125.58,42.96
2026-01-20 12:15:00,TR-10,TR-10-EP-01,1.721,38.46,29.52,123.08,35.5
2026-01-20 12:30:00,TR-10,TR-10-EP-02,1.775,38.74,29.65,114.6,38.87
2026-01-20 12:45:00,TR-10,TR-10-EP-03,1.841,36.15,30.05,126.52,39.63
2026-01-20 13:00:00,TR-10,TR-10-EP-04,1.792,36.45,30.73,125.76,42.97
2026-01-20 13:15:00,TR-10,TR-10-EP-01,1.74,37.78,29.98,125.64,35.56
2026-01-20 13:30:00,TR-10,TR-10-EP-02,1.788,38.45,30.07,116.32,38.92
2026-01-20 13:45:00,TR-10,TR-10-EP-03,1.846,36.31,30.39,127.27,39.64
2026-01-20 14:00:00,TR-10,TR-10-EP-04,1.79,37.04,31.0,125.57,42.96
2026-01-20 14:15:00,TR-10,TR-10-EP-01,1.756,37.21,30.41,127.9,35.61
2026-01-20 14:30:00,TR-10,TR-10-EP-02,1.798,38.3,30.43,117.67,38.95
2026-01-20 14:45:00,TR-10,TR-10-EP-03,1.849,36.61,30.68,127.63,39.65
2026-01-20 15:00:00,TR-10,TR-10-EP-04,1.786,37.74,31.21,125.0,42.95
2026-01-20 15:15:00,TR-10,TR-10-EP-01,1.77,36.75,30.8,129.82,35.66
2026-01-20 15:30:00,TR-10,TR-10-EP-02,1.806,38.29,30.74,118.63,38.97
2026-01-20 15:45:00,TR-10,TR-10-EP-03,1.849,37.04,30.92,127.59,39.65
2026-01-20 16:00:00,TR-10,TR-10-EP-04,1.778,38.53,31.35,124.08,42.92
2026-01-20 16:15:00,TR-10,TR-10-EP-01,1.781,36.43,31.13,131.37,35.69
2026-01-20 16:30:00,TR-10,TR-10-EP-02,1.81,38.41,31.0,119.18,38.98
2026-01-20 16:45:00,TR-10,TR-10-EP-03,1.845,37.59,31.08,127.15,39.64
2026-01-20 17:00:00,TR-10,TR-10-EP-04,1.768,39.41,31.42,122.8,42.89
2026-01-20 17:15:00,TR-10,TR-10-EP-01,1.789,36.24,31.41,132.53,35.72
2026-01-20 17:30:00,TR-10,TR-10-EP-02,1.811,38.68,31.19,119.31,38.99
2026-01-20 17:45:00,TR-10,TR-10-EP-03,1.839,38.26,31.18,126.32,39.62
2026-01-20 18:00:00,TR-10,TR-10-EP-04,1.755,40.35,31.42,121.21,42.85
2026-01-20 18:15:00,TR-10,TR-10-EP-01,1.795,36.19,31.63,133.27,35.74
2026-01-20 18:30:00,TR-10,TR-10-EP-02,1.808,39.07,31.32,119.02,38.98
2026-01-20 18:45:00,TR-10,TR-10-EP-03,1.83,39.03,31.21,125.11,39.59
2026-01-20 19:00:00,TR-10,TR-10-EP-04,1.74,41.35,31.36,119.32,42.8
2026-01-20 19:15:00,TR-10,TR-10-EP-01,1.797,36.28,31.78,133.58,35.74
2026-01-20 19:30:00,TR-10,TR-10-EP-02,1.803,39.59,31.37,118.31,38.96
2026-01-20 19:45:00,TR-10,TR-10-EP-03,1.817,39.88,31.17,123.54,39.55
2026-01-20 20:00:00,TR-10,TR-10-EP-04,1.722,42.38,31.23,117.16,42.74
2026-01-20 20:15:00,TR-10,TR-10-EP-01,1.796,36.5,31.86,133.45,35.74
2026-01-20 20:30:00,TR-10,TR-10-EP-02,1.795,40.22,31.36,117.2,38.94
2026-01-20 20:45:00,TR-10,TR-10-EP-03,1.803,40.81,31.07,121.65,39.5
2026-01-20 21:00:00,TR-10,TR-10-EP-04,1.703,43.43,31.03,114.78,42.68
2026-01-20 21:15:00,TR-10,TR-10-EP-01,1.792,36.85,31.88,132.9,35.73
2026-01-20 21:30:00,TR-10,TR-10-EP-02,1.784,40.96,31.28,115.7,38.9
2026-01-20 21:45:00,TR-10,TR-10-EP-03,1.785,41.79,30.89,119.46,39.45
2026-01-20 22:00:00,TR-10,TR-10-EP-04,1.682,44.48,30.77,112.22,42.62
2026-01-20 22:15:00,TR-10,TR-10-EP-01,1.785,37.34,31.83,131.92,35.7
2026-01-20 22:30:00,TR-10,TR-10-EP-02,1.77,41.79,31.14,113.85,38.86
2026-01-20 22:45:00,TR-10,TR-10-EP-03,1.766,42.82,30.66,117.0,39.39
2026-01-20 23:00:00,TR-10,TR-10-EP-04,1.661,45.51,30.45,109.51,42.55
2026-01-20 23:15:00,TR-10,TR-10-EP-01,1.775,37.94,31.7,130.53,35.67
2026-01-20 23:30:00,TR-10,TR-10-EP-02,1.753,42.7,30.92,111.67,38.8
2026-01-20 23:45:00,TR-10,TR-10-EP-03,1.746,43.86,30.36,114.33,39.32
2026-01-21 00:00:00,TR-10,TR-10-EP-04,1.638,46.51,30.08,106.71,42.47
2026-01-21 00:15:00,TR-10,TR-10-EP-01,1.762,38.65,31.52,128.76,35.63
2026-01-21 00:30:00,TR-10,TR-10-EP-02,1.735,43.67,30.65,109.2,38.75
2026-01-21 00:45:00,TR-10,TR-10-EP-03,1.723,44.92,30.01,111.49,39.25
2026-01-21 01:00:00,TR-10,TR-10-EP-04,1.615,47.44,29.66,103.87,42.4
2026-01-21 01:15:00,TR-10,TR-10-EP-01,1.747,39.45,31.27,126.64,35.58
2026-01-21 01:30:00,TR-10,TR-10-EP-02,1.714,44.68,30.32,106.48,38.68
2026-01-21 01:45:00,TR-10,TR-10-EP-03,1.7,45.95,29.61,108.53,39.18
2026-01-21 02:00:00,TR-10,TR-10-EP-04,1.592,48.31,29.21,101.02,42.33
2026-01-21 02:15:00,TR-10,TR-10-EP-01,1.729,40.34,30.96,124.21,35.53
2026-01-21 02:30:00,TR-10,TR-10-EP-02,1.692,45.72,29.94,103.57,38.61
2026-01-21 02:45:00,TR-10,TR-10-EP-03,1.677,46.96,29.17,105.5,39.1
2026-01-21 03:00:00,TR-10,TR-10-EP-04,1.57,49.1,28.72,98.24,42.26
2026-01-21 03:15:00,TR-10,TR-10-EP-01,1.71,41.29,30.59,121.5,35.46
2026-01-21 03:30:00,TR-10,TR-10-EP-02,1.669,46.78,29.51,100.5,38.54
2026-01-21 03:45:00,TR-10,TR-10-EP-03,1.653,47.91,28.7,102.45,39.03
2026-01-21 04:00:00,TR-10,TR-10-EP-04,1.548,49.78,28.21,95.55,42.19
2026-01-21 04:15:00,TR-10,TR-10-EP-01,1.688,42.3,30.19,118.57,35.4
2026-01-21 04:30:00,TR-10,TR-10-EP-02,1.646,47.82,29.05,97.34,38.46
2026-01-21 04:45:00,TR-10,TR-10-EP-03,1.63,48.8,28.2,99.44,38.95
2026-01-21 05:00:00,TR-10,TR-10-EP-04,1.527,50.35,27.69,93.01,42.12
2026-01-21 05:15:00,TR-10,TR-10-EP-01,1.666,43.33,29.74,115.46,35.32
2026-01-21 05:30:00,TR-10,TR-10-EP-02,1.622,48.84,28.56,94.14,38.38
2026-01-21 05:45:00,TR-10,TR-10-EP-03,1.607,49.61,27.68,96.51,38.88
2026-01-21 06:00:00,TR-10,TR-10-EP-04,1.508,50.81,27.17,90.66,42.06
2026-01-21 06:15:00,TR-10,TR-10-EP-01,2.163,33.41,30.48,155.93,54.5
2026-01-21 06:30:00,TR-10,TR-10-EP-02,1.966,35.76,30.85,127.74,48.93
2026-01-21 06:45:00,TR-10,TR-10-EP-03,2.169,37.35,29.65,134.21,47.53
2026-01-21 07:00:00,TR-10,TR-10-EP-04,1.491,51.13,26.64,88.55,42.03
2026-01-21 07:15:00,TR-10,TR-10-EP-01,1.619,45.43,28.75,108.93,35.17
2026-01-21 07:30:00,TR-10,TR-10-EP-02,1.574,50.72,27.52,87.83,38.23
2026-01-21 07:45:00,TR-10,TR-10-EP-03,1.565,50.94,26.63,91.11,38.74
2026-01-21 08:00:00,TR-10,TR-10-EP-04,1.476,51.32,26.14,86.7,42.03
2026-01-21 08:15:00,TR-10,TR-10-EP-01,1.595,46.46,28.23,105.63,35.1
2026-01-21 08:30:00,TR-10,TR-10-EP-02,1.552,51.55,27.0,84.84,38.16
2026-01-21 08:45:00,TR-10,TR-10-EP-03,1.546,51.42,26.11,88.74,38.68
2026-01-21 09:00:00,TR-10,TR-10-EP-04,1.464,51.38,25.65,85.15,42.03
2026-01-21 09:15:00,TR-10,TR-10-EP-01,1.571,47.44,27.71,102.38,35.02
2026-01-21 09:30:00,TR-10,TR-10-EP-02,1.531,52.3,26.48,82.02,38.09
2026-01-21 09:45:00,TR-10,TR-10-EP-03,1.53,51.79,25.62,86.64,38.63
2026-01-21 10:00:00,TR-10,TR-10-EP-04,1.454,51.29,25.2,83.93,42.03
2026-01-21 10:15:00,TR-10,TR-10-EP-01,1.549,48.37,27.18,99.23,34.95
2026-01-21 10:30:00,TR-10,TR-10-EP-02,1.859,38.89,28.77,111.54,48.58
2026-01-21 10:45:00,TR-10,TR-10-EP-03,2.074,39.03,27.65,121.5,47.26
2026-01-21 11:00:00,TR-10,TR-10-EP-04,1.843,37.72,27.11,114.48,53.92
2026-01-21 11:15:00,TR-10,TR-10-EP-01,1.527,49.23,26.67,96.23,34.88
2026-01-21 11:30:00,TR-10,TR-10-EP-02,1.494,53.46,25.5,77.09,37.99
2026-01-21 11:45:00,TR-10,TR-10-EP-03,1.505,52.11,24.72,83.39,38.55
2026-01-21 12:00:00,TR-10,TR-10-EP-04,1.443,50.71,24.41,82.56,42.03
2026-01-21 12:15:00,TR-10,TR-10-EP-01,1.507,50.0,26.18,93.45,34.82
2026-01-21 12:30:00,TR-10,TR-10-EP-02,1.479,53.86,25.05,75.07,37.99
2026-01-21 12:45:00,TR-10,TR-10-EP-03,1.496,52.06,24.33,82.3,38.54
2026-01-21 13:00:00,TR-10,TR-10-EP-04,1.442,50.23,24.09,82.42,42.03
2026-01-21 13:15:00,TR-10,TR-10-EP-01,1.489,50.67,25.72,90.93,34.79
2026-01-21 13:30:00,TR-10,TR-10-EP-02,1.466,54.13,24.64,73.39,37.99
2026-01-21 13:45:00,TR-10,TR-10-EP-03,1.491,51.88,23.99,81.6,38.54
2026-01-21 14:00:00,TR-10,TR-10-EP-04,1.444,49.63,23.83,82.66,42.03
2026-01-21 14:15:00,TR-10,TR-10-EP-01,1.473,51.23,25.3,88.71,34.79
2026-01-21 14:30:00,TR-10,TR-10-EP-02,1.456,54.26,24.28,72.09,37.99
2026-01-21 14:45:00,TR-10,TR-10-EP-03,2.036,38.58,26.21,116.4,47.19
2026-01-21 15:00:00,TR-10,TR-10-EP-04,1.845,35.58,25.96,114.77,53.92
2026-01-21 15:15:00,TR-10,TR-10-EP-01,1.922,40.7,26.14,120.65,53.8
2026-01-21 15:30:00,TR-10,TR-10-EP-02,1.449,54.26,23.98,71.18,37.99
2026-01-21 15:45:00,TR-10,TR-10-EP-03,1.489,51.12,23.49,81.37,38.54
2026-01-21 16:00:00,TR-10,TR-10-EP-04,1.457,48.12,23.5,84.24,42.03
2026-01-21 16:15:00,TR-10,TR-10-EP-01,1.448,51.98,24.59,85.33,34.79
2026-01-21 16:30:00,TR-10,TR-10-EP-02,1.446,54.11,23.73,70.69,37.99
2026-01-21 16:45:00,TR-10,TR-10-EP-03,1.493,50.55,23.33,81.86,38.54
2026-01-21 17:00:00,TR-10,TR-10-EP-04,1.467,47.23,23.44,85.56,42.03
2026-01-21 17:15:00,TR-10,TR-10-EP-01,1.44,52.15,24.32,84.23,34.79
2026-01-21 17:30:00,TR-10,TR-10-EP-02,1.445,53.83,23.55,70.61,37.99
2026-01-21 17:45:00,TR-10,TR-10-EP-03,1.499,49.87,23.24,82.74,38.54
2026-01-21 18:00:00,TR-10,TR-10-EP-04,1.48,46.28,23.44,87.19,42.03
2026-01-21 18:15:00,TR-10,TR-10-EP-01,1.435,52.18,24.11,83.54,34.79
2026-01-21 18:30:00,TR-10,TR-10-EP-02,1.448,53.42,23.43,70.95,37.99
2026-01-21 18:45:00,TR-10,TR-10-EP-03,1.509,49.09,23.21,84.0,38.57
2026-01-21 19:00:00,TR-10,TR-10-EP-04,1.905,31.93,25.84,122.82,53.92
2026-01-21 19:15:00,TR-10,TR-10-EP-01,1.888,41.11,25.19,115.72,53.8
2026-01-21 19:30:00,TR-10,TR-10-EP-02,1.788,38.85,26.18,100.71,48.53
2026-01-21 19:45:00,TR-10,TR-10-EP-03,1.522,48.23,23.26,85.61,38.61
2026-01-21 20:15:00,TR-10,TR-10-EP-04,1.62,47.85,28.14,88.42,25.73
